Date,Campaign ID,Campaign Name,Send Date,Send Time,Total Recipients,Open Rate,Click Rate,Unsubscribe Rate,Spam Complaints Rate,Total Opens,Unique Opens,Total Clicks,Unique Clicks,Total Unsubscribes,Bounces,Bounce Rate,Tags,Subject,Preview Text,List,Excluded List,Day of Week,Campaign Channel
N/A,01H7WDEY0E79S6AYA8Y1YH50NV,20230817_EDM_MAA SPORTS_SKE DF_Independence Day BOGO 50%!*_EB,2023-08-17,06:00 PM,4059,0.21162847992116285,0.019216555801921657,0.0022172949002217295,0.0,1068,859,116,78,9,0,0.0,EB,"Hurry, Limited Time Offer Inside! Buy 1 Get 50% Off on Second Item! üéâ",Embrace the spirit of freedom with our special Indonesia Independence Day offer!,20230817_EDM_MAA SPORTS_SKE DF_Independence Day BOGO 50%!*_EB List,,Thursday,Email
N/A,01H7YKTQG9W2Z3DCJ5RYW9Y521,20230817_EDM_MAA SPORTS_SKE DF_Independence Day BOGO 50%!*_NB,2023-08-17,06:00 PM,65976,0.6329743667526164,0.007250113757015016,0.0007432124981040498,3.033520400424693e-05,48558,41732,729,478,49,46,0.0006972232326906754,NB,"Hurry, Limited Time Offer Inside! Buy 1 Get 50% Off on Second Item! üéâ",Embrace the spirit of freedom with our special Indonesia Independence Day offer!,20230817_EDM_MAA SPORTS_SKE DF_Independence Day BOGO 50%!*_NB List,20230817_EDM_MAA SPORTS_SKE DF_Independence Day BOGO 50%!*_EB List,Thursday,Email
N/A,01H7F209K58PDA2T18PVEX251T,20230816_EDM_MAA SPORTS_SKE DF_Cha Eun-Woo perfect comfort_EB,2023-08-16,07:00 PM,4257,0.20530890298332158,0.007517030772844727,0.0009396288466055908,0.0,1065,874,45,32,4,0,0.0,EB,Skechers x Cha Eun-woo: Where Comfort Meets Sportiness! üëü,Find the Perfect Comfort for Your Daily Sporty Look.,20230816_EDM_MAA SPORTS_SKE DF_Cha Eun-Woo perfect comfort_EB Rev List,,Wednesday,Email
N/A,01H7YZ1KBVAZWARW5WEVVZDDCC,20230816_EDM_MAA SPORTS_SKE DF_Cha Eun-Woo perfect comfort_NB,2023-08-16,07:00 PM,79620,0.5698445661066012,0.0037127934050720534,0.0010697879302749985,6.292870178088226e-05,52998,45277,444,295,86,165,0.002072343632253203,NB,Skechers x Cha Eun-woo: Where Comfort Meets Sportiness! üëü,Find the Perfect Comfort for Your Daily Sporty Look.,20230816_EDM_MAA SPORTS_SKE DF_Cha Eun-Woo perfect comfort_NB Rev List,20230816_EDM_MAA SPORTS_SKE DF_Cha Eun-Woo perfect comfort_EB Rev List,Wednesday,Email
N/A,01H7F3SYKG0Q7M6QX6ZSV755DJ,20230811_EDM_MAA SPORTS_SKE DF_Weekend Special +50% OFF! ON APPAREL_EB,2023-08-11,06:00 PM,4236,0.20802833530106257,0.01818181818181818,0.0018890200708382527,0.0,1090,881,105,77,8,1,0.00023607176581680832,EB,üéâ Claim your Weekend treat: +50% Off Skechers Apparel! üëöüëü,Shop now üõçÔ∏è,20230811_EDM_MAA SPORTS_SKE DF_Weekend Special +50% OFF! ON APPAREL_EB List,,Friday,Email
N/A,01H7FF3FNP7HVVYSVWENRF3W2N,20230811_EDM_MAA SPORTS_SKE DF_Weekend Special +50% OFF! ON APPAREL_NB,2023-08-11,06:00 PM,65989,0.6555575763086903,0.006592707101936892,0.0012427631778363795,0.00010608953957139826,51408,43255,599,435,84,7,0.00010607828577490188,NB,üéâ Claim your Weekend treat: +50% Off Skechers Apparel! üëöüëü,Shop now üõçÔ∏è,20230811_EDM_MAA SPORTS_SKE DF_Weekend Special +50% OFF! ON APPAREL_NB List,20230811_EDM_MAA SPORTS_SKE DF_Weekend Special +50% OFF! ON APPAREL_EB List,Friday,Email
N/A,01H76WK6FGFRQ98W5TP3KFTN8B,20230809_EDM_MAA SPORTS_SKE DF_Skechers x Ashley Park_EB,2023-08-09,06:00 PM,4576,0.1910800174901618,0.008089199825098382,0.0017490161783996502,0.0,1077,874,46,37,8,2,0.00043706293706293706,EB,Introducing Skechers x Ashley Park Collection,Redefine your look with stylish designs inspired by Ashley Park's distinct fashion sense. Get ready to walk the fashion talk! üë°üíÉ,20230809_EDM_MAA SPORTS_SKE DF_Skechers x Ashley Park_EB List,,Wednesday,Email
N/A,01H7ACVY1F48AVHQA336DJF470,20230809_EDM_MAA SPORTS_SKE DF_Skechers x Ashley Park_NB,2023-08-09,06:00 PM,63953,0.6518414262256627,0.00392524826022363,0.0006724528892016577,0.00010946907498631637,49999,41682,364,251,44,8,0.00012509186433787314,NB,Introducing Skechers x Ashley Park Collection,Redefine your look with stylish designs inspired by Ashley Park's distinct fashion sense. Get ready to walk the fashion talk! üë°üíÉ,20230809_EDM_MAA SPORTS_SKE DF_Skechers x Ashley Park_NB List,20230809_EDM_MAA SPORTS_SKE DF_Skechers x Ashley Park_EB List,Wednesday,Email
N/A,01H79N6JYY78DQMAMG9KKDK6VV,20230808_EDM_MAA SPORTS_SKE DF_8.8 Semarak Indonesia_EB,2023-08-08,06:00 PM,4247,0.19948186528497408,0.01436646255299105,0.001413094677343382,0.0,1057,847,98,61,6,1,0.0002354603249352484,EB,"üéâ Ready, Set, Save! Skechers 8.8 Semarak Indonesia Sale is ON!",üéâ Enjoy discounts up to 30% off + 20% off Skechers items today! Shop now and claim your reward!,20230808_EDM_MAA SPORTS_SKE DF_8.8 Semarak Indonesia_EB List,,Tuesday,Email
N/A,01H7A7NBXNA4HDYY5N929ZCJA0,20230808_EDM_MAA SPORTS_SKE DF_8.8 Semarak Indonesia_NB,2023-08-08,06:00 PM,66352,0.6503724254395223,0.005895479629685474,0.0006181960737010343,0.00010554567111968879,51904,43134,574,391,44,30,0.000452134072823728,NB,"üéâ Ready, Set, Save! Skechers 8.8 Semarak Indonesia Sale is ON!",üéâ Enjoy discounts up to 30% off + 20% off Skechers items today! Shop now and claim your reward!,20230808_EDM_MAA SPORTS_SKE DF_8.8 Semarak Indonesia_NB List,20230808_EDM_MAA SPORTS_SKE DF_8.8 Semarak Indonesia_EB List,Tuesday,Email
N/A,01H6XFPBMJ1YE42ZRKJ44FASYN,20230804_EDM_MAA SPORTS_SKE DF_Weekend Special Buy 2 Get 20% OFF_EB,2023-08-04,06:30 PM,5045,0.19020230067433558,0.009321697738992463,0.0019833399444664813,0.0,1210,959,65,47,12,3,0.0005946481665014867,EB,üèÉ‚Äç‚ôÄÔ∏è Get Ready! The Weekend Offer is Here! üèÉ‚Äç‚ôÇÔ∏è,Get 20% off on the coolest Skechers items! Shop now and don't miss the offer! üî•,20230804_EDM_MAA SPORTS_SKE DF_Weekend Special Buy 2 Get 20% OFF_EB List,,Friday,Email
N/A,01H70146M2CM01MSM3YMVHP554,20230804_EDM_MAA SPORTS_SKE DF_Weekend Special Buy 2 Get 20% OFF_NB,2023-08-04,06:30 PM,70830,0.681012801311216,0.004436657529601266,0.0010031932630627067,0.00016955379094017576,58356,48198,482,314,73,56,0.0007906254411972328,NB,üèÉ‚Äç‚ôÄÔ∏è Get Ready! The Weekend Offer is Here! üèÉ‚Äç‚ôÇÔ∏è,Get 20% off on the coolest Skechers items! Shop now and don't miss the offer! üî•,20230804_EDM_MAA SPORTS_SKE DF_Weekend Special Buy 2 Get 20% OFF_NB List,20230804_EDM_MAA SPORTS_SKE DF_Weekend Special Buy 2 Get 20% OFF_EB List,Friday,Email
N/A,01H65Z8SH2DS4BHM5Q8M4FJ5D9,20230728_EDM_MAA SPORTS_SKE DF_Payday Buy 2 Get 15% | Buy 3 Get 25%_EB,2023-07-28,06:00 PM,4026,0.17271371769383698,0.013667992047713717,0.0007455268389662028,0.0,893,695,74,55,3,2,0.0004967709885742673,EB,üõí Pay Day Payoff: Claim your 25%! üéÅ,"Treat yourself to the coolest Skechers items - buy 2 and save 15%, buy 3 and save 25%! Limited offer only - Don't miss the deal!",20230728_EDM_MAA SPORTS_SKE DF_Payday Buy 2 Get 15% | Buy 3 Get 25%_EB List,,Friday,Email
N/A,01H6BH7MWQ8AKBQQEHRP5QK089,20230728_EDM_MAA SPORTS_SKE DF_Payday Buy 2 Get 15% | Buy 3 Get 25%_NB,2023-07-28,06:00 PM,71851,0.6865519883000208,0.006629988160735427,0.001211783550386517,0.00011142837244933491,60242,49291,706,476,93,56,0.0007793906834977941,NB,üõí Pay Day Payoff: Claim your 25%! üéÅ,"Treat yourself to the coolest Skechers items - buy 2 and save 15%, buy 3 and save 25%! Limited offer only - Don't miss the deal!",20230728_EDM_MAA SPORTS_SKE DF_Payday Buy 2 Get 15% | Buy 3 Get 25%_NB List,20230728_EDM_MAA SPORTS_SKE DF_Payday Buy 2 Get 15% | Buy 3 Get 25%_EB List,Friday,Email
N/A,01H5H2VN0PHBH5DZKNR885G03A,20230719_EDM_MAA SPORTS_SKE DF_MID-YEAR SALE Buy 2 Get 20% OFF_EB,2023-07-19,06:00 PM,4591,0.20204882301656496,0.011333914559721011,0.002179598953792502,0.0,1208,927,79,52,11,3,0.000653452406883032,EB,Huge Savings Alert: Fuel Your Style with Skechers Mid-Year Sale!‚ú®,Don't Miss Skechers Mid-Year Sale! Buy 2 Items and Enjoy a 20% Discount!‚ú®,20230719_EDM_MAA SPORTS_SKE DF_MID-YEAR SALE Buy 2 Get 20% OFF_EB List,,Wednesday,Email
N/A,01H5MEGWTDYSVZ183ZS2QNAQ4P,20230719_EDM_MAA SPORTS_SKE DF_MID-YEAR SALE Buy 2 Get 20% OFF_NB,2023-07-19,06:00 PM,117746,0.4165362767441069,0.0032058913568488723,0.0011650056124357972,0.00029762917106024013,60713,48983,555,377,141,150,0.0012739286260255126,NB,Huge Savings Alert: Fuel Your Style with Skechers Mid-Year Sale!‚ú®,Don't Miss Skechers Mid-Year Sale! Buy 2 Items and Enjoy a 20% Discount!‚ú®,20230719_EDM_MAA SPORTS_SKE DF_MID-YEAR SALE Buy 2 Get 20% OFF_NB List,20230719_EDM_MAA SPORTS_SKE DF_MID-YEAR SALE Buy 2 Get 20% OFF_EB List,Wednesday,Email
N/A,01H597ETDZ8PK6YRDPREA62EA3,20230717_EDM_MAA SPORTS_SKE DF_Monday Madness 30% OFF + 20% OFF_EB,2023-07-17,07:00 PM,4922,0.3861788617886179,0.01361788617886179,0.0020325203252032522,0.0002032520325203252,2345,1900,103,67,10,2,0.0004063388866314506,EB,Get ready for a fantastic week with 30% OFF + 20% OFF!,"Kick off your Monday with jaw-dropping deals from Skechers! üí• Don't miss out, shop now! üõçÔ∏è",20230717_EDM_MAA SPORTS_SKE DF_Monday Madness 30% OFF + 20% OFF_EB List,,Monday,Email
N/A,01H5HQS3BWKVPKVNBJJ38R6MP8,20230717_EDM_MAA SPORTS_SKE DF_Monday Madness 30% OFF + 20% OFF_NB,2023-07-17,07:00 PM,75856,0.7188485336218156,0.008416997585720128,0.0017282549901713744,0.0001846990065832003,68074,54488,987,638,140,57,0.0007514237502636575,NB,Get ready for a fantastic week with 30% OFF + 20% OFF!,"Kick off your Monday with jaw-dropping deals from Skechers! üí• Don't miss out, shop now! üõçÔ∏è",20230717_EDM_MAA SPORTS_SKE DF_Monday Madness 30% OFF + 20% OFF_NB List,20230717_EDM_MAA SPORTS_SKE DF_Monday Madness 30% OFF + 20% OFF_EB List,Monday,Email
N/A,01H51VR8YYV641RSTJZ03FB9CY,20230712_EDM_MAA SPORTS_SKE DF_Skechers x The Rolling Stones_EB,2023-07-12,06:00 PM,4668,0.20416041175209093,0.007505897490885696,0.0032168132103795838,0.0,1185,952,48,35,16,5,0.0010711225364181663,EB,AVAILABLE NOW: SKECHERS x The Rolling Stones Collaboration where Comfort Meets Rock 'n' Roll,"üé∏Experience the fusion of comfort, style, and rock 'n' roll attitude with SKECHERS X The Rolling Stones collaboration!üé∏",20230712_EDM_MAA SPORTS_SKE DF_Skechers x The Rolling Stones_EB List,,Wednesday,Email
N/A,01H542RHB9K1R4DCA34PTPNEFM,20230712_EDM_MAA SPORTS_SKE DF_Skechers x The Rolling Stones_NB,2023-07-12,06:00 PM,72143,0.6360531467366404,0.005372985130576034,0.0016799255834617573,0.00020825523761922613,56795,45813,564,387,123,116,0.0016079176080839445,NB,AVAILABLE NOW: SKECHERS x The Rolling Stones Collaboration where Comfort Meets Rock 'n' Roll,"üé∏Experience the fusion of comfort, style, and rock 'n' roll attitude with SKECHERS X The Rolling Stones collaboration!üé∏",20230712_EDM_MAA SPORTS_SKE DF_Skechers x The Rolling Stones_NB List,20230712_EDM_MAA SPORTS_SKE DF_Skechers x The Rolling Stones_EB List,Wednesday,Email
N/A,01H4N49D0PJYC6P6R7WVTVK8PH,20230710_EDM_MAA SPORTS_SKE DF_Cha Eun-woo Foamies_EB,2023-07-10,06:00 PM,5500,0.1923778264040846,0.006199854121079504,0.002552881108679796,0.00018234865061998541,1348,1055,52,34,14,16,0.002909090909090909,EB,Experience Summer Bliss: Find Your Perfect Comfort with Cha Eun-woo!,Discover the perfect summer styles for ultimate comfort.,20230710_EDM_MAA SPORTS_SKE DF_Cha Eun-woo Foamies_EB List,,Monday,Email
N/A,01H4QX1ZFZ0ABSDHQV7688BBJ8,20230710_EDM_MAA SPORTS_SKE DF_Cha Eun-woo Foamies_NB,2023-07-10,06:00 PM,72175,0.6379374973968818,0.0030959752321981426,0.0008052312263116245,0.00027766594010745674,56840,45950,308,223,62,146,0.0020228611014894353,NB,Experience Summer Bliss: Find Your Perfect Comfort with Cha Eun-woo!,Discover the perfect summer styles for ultimate comfort.,20230710_EDM_MAA SPORTS_SKE DF_Cha Eun-woo Foamies_NB List,20230710_EDM_MAA SPORTS_SKE DF_Cha Eun-woo Foamies_EB List,Monday,Email
N/A,01H4DBPJJZ00094269Y8AMVZEY,20230707_EDM_MAA SPORTS_SKE DF_7.7 Mid-Year Sale: Cash Rebate 200K_EB,2023-07-07,06:00 PM,5814,0.19764296754250385,0.011012364760432767,0.00115919629057187,0.0,1303,1023,90,57,7,638,0.10973512211902305,EB,üî•Get Ready for the ultimate Mid-Year sale with Skechersüî•,Hop on down to Skechers and Claim your 200K Cash Rebate!,20230707_EDM_MAA SPORTS_SKE DF_7.7 Mid-Year Sale: Cash Rebate 200K_EB List,,Friday,Email
N/A,01H4NKY0KF9K0R22TM8GDCBCEK,20230707_EDM_MAA SPORTS_SKE DF_7.7 Mid-Year Sale: Cash Rebate 200K_NB,2023-07-07,06:00 PM,110187,0.4963337150456208,0.004857596690185069,0.0013944811791215693,0.0003139891396697573,66380,53745,765,526,154,1903,0.017270639912149346,NB,üî•Get Ready for the ultimate Mid-Year sale with Skechersüî•,Hop on down to Skechers and Claim your 200K Cash Rebate!,20230707_EDM_MAA SPORTS_SKE DF_7.7 Mid-Year Sale: Cash Rebate 200K_NB List,20230707_EDM_MAA SPORTS_SKE DF_7.7 Mid-Year Sale: Cash Rebate 200K_EB List,Friday,Email
N/A,01H408RD5S9E13ZAGHY5SY8F5B,20230630_EDM_MAA SPORTS_SKE DF_LONG WEEKEND Buy 2 Get 15% Off_EB,2023-06-30,04:00 PM,1004,0.5079681274900398,0.03187250996015936,0.0,0.0,662,510,41,32,0,0,0.0,EB,Claim your weekend treat with 20% offüëüüåü,"Long weekend, Big save! Shop at Skechers now and don‚Äôt miss our offer!",20230630_EDM_MAA SPORTS_SKE DF_LONG WEEKEND Buy 2 Get 15% Off_EB List,,Friday,Email
N/A,01H45PVDEB0XAGZBTRS4GXGDYC,20230630_EDM_MAA SPORTS_SKE DF_LONG WEEKEND Buy 2 Get 15% Off_NB,2023-06-30,04:00 PM,108194,0.6555283010135604,0.0055074744295830055,0.0011107511454621188,0.00012958763363724718,87765,70820,853,595,124,159,0.0014695824167698763,NB,Claim your weekend treat with 20% offüëüüåü,"Long weekend, Big save! Shop at Skechers now and don‚Äôt miss our offer!",20230630_EDM_MAA SPORTS_SKE DF_LONG WEEKEND Buy 2 Get 15% Off_NB List,20230630_EDM_MAA SPORTS_SKE DF_LONG WEEKEND Buy 2 Get 15% Off_EB List,Friday,Email
N/A,01H3DY7TAJFET3PBX1K0F8TWD6,20230623_EDM_MAA SPORTS_SKE DF_CASHBACK 200K_EB,2023-06-23,06:00 PM,962,0.4968814968814969,0.0498960498960499,0.0,0.0,620,478,62,48,0,0,0.0,EB,Claim Your Rp 200K Now! üõí,Shop your favorite Skechers items and save big!,20230623_EDM_MAA SPORTS_SKE DF_CASHBACK 200K_EB List,,Friday,Email
N/A,01H3H855D6YC2ZMMCYGJ1SV5TS,20230623_EDM_MAA SPORTS_SKE DF_CASHBACK 200K_NB,2023-06-23,06:00 PM,105100,0.6296807609182051,0.012453466119526616,0.0012853348059144443,0.00020946196837124276,83299,66136,1893,1308,141,69,0.0006565176022835395,NB,Claim Your Rp 200K Now! üõí,Shop your favorite Skechers items and save big!,20230623_EDM_MAA SPORTS_SKE DF_CASHBACK 200K_NB List,20230623_EDM_MAA SPORTS_SKE DF_CASHBACK 200K_EB List,Friday,Email
N/A,01H38NFN34P1RGSK7Q9S3WM5VH,20230620_EDM_MAA SPORTS_SKE DF_CHA EUN WOO_EB,2023-06-20,06:00 PM,920,0.49130434782608695,0.017391304347826087,0.003260869565217391,0.0,580,452,22,16,3,0,0.0,EB,Breaking News: Skechers Welcomes Cha Eun-woo as Brand Ambassador!,We're delighted to share the exciting news! Join us in celebrating the dynamic collaboration between Skechers and K-Pop star Cha Eun-woo.,20230620_EDM_MAA SPORTS_SKE DF_CHA EUN WOO_EB List,,Tuesday,Email
N/A,01H3BTKKV98KAJRY1T8VEVNKKZ,20230620_EDM_MAA SPORTS_SKE DF_CHA EUN WOO_NB,2023-06-20,06:00 PM,89587,0.657117648372758,0.005617726551855078,0.001317876208983895,0.0002233688489803212,73685,58837,721,503,199,49,0.0005469543572170069,NB,Breaking News: Skechers Welcomes Cha Eun-woo as Brand Ambassador!,We're delighted to share the exciting news! Join us in celebrating the dynamic collaboration between Skechers and K-Pop star Cha Eun-woo.,20230620_EDM_MAA SPORTS_SKE DF_CHA EUN WOO_NB List,20230620_EDM_MAA SPORTS_SKE DF_CHA EUN WOO_EB List,Tuesday,Email
N/A,01H2YW2ZQM50E4WWPH8DBQR8DP,20230616_EDM_MAA SPORTS_SKE DF_BACK TO SCHOOL_EB,2023-06-16,06:00 PM,981,0.4872579001019368,0.023445463812436288,0.0010193679918450561,0.0,627,478,34,23,1,0,0.0,EB,"üöå Ready, Set, School! Score 20% Off Skechers Back to School Collection! üéí","Ace the back-to-school fashion game with Skechers! Enjoy an exclusive 20% off on our trendiest collection. Hurry, limited time only!",20230616_EDM_MAA SPORTS_SKE DF_BACK TO SCHOOL_EB List,,Friday,Email
N/A,01H31RH3EY5T2YJ9HAJTMMHRK1,20230616_EDM_MAA SPORTS_SKE DF_BACK TO SCHOOL_NB,2023-06-16,06:00 PM,108822,0.6081368087160391,0.004780949754056912,0.001397508389647405,0.0002206592194180113,82682,66144,846,520,163,57,0.0005237911451728511,NB,"üöå Ready, Set, School! Score 20% Off Skechers Back to School Collection! üéí","Ace the back-to-school fashion game with Skechers! Enjoy an exclusive 20% off on our trendiest collection. Hurry, limited time only!",20230616_EDM_MAA SPORTS_SKE DF_BACK TO SCHOOL_NB List,20230616_EDM_MAA SPORTS_SKE DF_BACK TO SCHOOL_EB List,Friday,Email
N/A,01H25F76N67B2TDVJKFNCB67NQ,20230614_EDM_MAA SPORTS_SKE DF_Awareness: W Mark Nason_EB,2023-06-14,06:00 PM,1029,0.48104956268221577,0.029154518950437316,0.0029154518950437317,0.0,612,495,48,30,3,0,0.0,EB,Perfect Harmony of Comfort and Style üëü‚ú®,Explore Mark Nason¬Æ Women's Collection.,20230614_EDM_MAA SPORTS_SKE DF_Awareness: W Mark Nason_EB List,,Wednesday,Email
N/A,01H2VYFN6159HJ57B20DKE1S6H,20230614_EDM_MAA SPORTS_SKE DF_Awareness: W Mark Nason_NB,2023-06-14,06:00 PM,115655,0.606382425356313,0.006276658459617852,0.0012310573221902417,0.0002254048618094809,87255,69945,1077,724,152,307,0.0026544464139034198,NB,Perfect Harmony of Comfort and Style üëü‚ú®,Explore Mark Nason¬Æ Women's Collection., 20230614_EDM_MAA SPORTS_SKE DF_Awareness: W Mark Nason_NB List,20230614_EDM_MAA SPORTS_SKE DF_Awareness: W Mark Nason_EB List,Wednesday,Email
N/A,01H1N89G29VAR9FRJ36NGPZCZK,20230601_EDM_MAA SPORTS_SKE DF_Promo: Summer Sale - Buy 2 Get 20% OFF_EB,2023-06-01,06:00 PM,2412,0.27782392026578073,0.0170265780730897,0.0024916943521594683,0.0,866,669,65,41,6,4,0.001658374792703151,EB,Step into Summer Comfort: Enjoy 20% OFF ‚òÄÔ∏è‚õ±Ô∏è,Feel the Summer Vibes,20230601_EDM_MAA SPORTS_SKE DF_Promo: Summer Sale - Buy 2 Get 20% OFF_EB List - Reupload,,Thursday,Email
N/A,01H1RJ25DAYCB21HR9DW3PTVDZ,20230601_EDM_MAA SPORTS_SKE DF_Promo: Summer Sale - Buy 2 Get 20% OFF_NB,2023-06-01,06:00 PM,99272,0.7063956420861495,0.0053969534954100675,0.0013114092605669323,0.00012105316251387067,87265,70025,793,535,131,142,0.0014304134096220485,NB,Step into Summer Comfort: Enjoy 20% OFF ‚òÄÔ∏è‚õ±Ô∏è,Feel the Summer Vibes,20230601_EDM_MAA SPORTS_SKE DF_Promo: Summer Sale - Buy 2 Get 20% OFF_NB List - Reupload,20230601_EDM_MAA SPORTS_SKE DF_Promo: Summer Sale - Buy 2 Get 20% OFF_EB List - Reupload,Thursday,Email
N/A,01H15WTFYXQQAPW9M4104PHVJR,20230526_EDM_MAA SPORTS_SKE DF_Promo: BOGO 50%_EB,2023-05-26,06:00 PM,5555,0.2277156261277517,0.02381811620353663,0.001623962468422952,0.0,1652,1262,201,132,9,13,0.00234023402340234,EB,Your Feet Deserve This: 50% OFF üõçÔ∏èüõí,"Hurry, Limited Time Only!",20230526_EDM_MAA SPORTS_SKE DF_Promo: BOGO 50%_EB List,,Friday,Email
N/A,01H18GPGB0H0BMRNQY6JZ4SBBC,20230526_EDM_MAA SPORTS_SKE DF_Promo: BOGO 50%_NB,2023-05-26,06:00 PM,114613,0.6060764844070669,0.009134812718873082,0.0012924974019055604,6.113163387391163e-05,86947,69400,1597,1046,157,106,0.0009248514566410442,NB,Your Feet Deserve This: 50% OFF üõçÔ∏èüõí,"Hurry, Limited Time Only!",20230526_EDM_MAA SPORTS_SKE DF_Promo: BOGO 50%_NB List,20230526_EDM_MAA SPORTS_SKE DF_Promo: BOGO 50%_EB List,Friday,Email
N/A,01H140VKYMM30DWYSXC0B7BMDY,20230525_EDM_MAA SPORTS_SKE DF_Awareness: Arch Fit Go Foam 1_EB,2023-05-25,06:00 PM,5594,0.21730562522393407,0.010390541024722321,0.0016123253314224292,0.0,1586,1213,76,58,9,12,0.0021451555237754737,EB,Arch Fit Go Foam - Your Feet Deserve It! ü¶∂,Shop Now for Ultimate Comfort! üõçÔ∏è,20230525_EDM_MAA SPORTS_SKE DF_Awareness: Arch Fit Go Foam 1_EB List,,Thursday,Email
N/A,01H18FKGW69FWZ8YTA5BESJY2F,20230525_EDM_MAA SPORTS_SKE DF_Awareness: Arch Fit Go Foam 1_NB,2023-05-25,06:00 PM,88200,0.6612736582762809,0.005245410266017235,0.0009310035537086867,9.082961499596944e-05,72901,58243,629,462,90,123,0.0013945578231292517,NB,Arch Fit Go Foam - Your Feet Deserve It! ü¶∂,Shop Now for Ultimate Comfort! üõçÔ∏è,20230525_EDM_MAA SPORTS_SKE DF_Awareness: Arch Fit Go Foam 1_NB List,20230525_EDM_MAA SPORTS_SKE DF_Awareness: Arch Fit Go Foam 1_EB List,Thursday,Email
N/A,01H0HQK3X1JCX4ZANEVPX3K9SN,20230519_EDM_MAA SPORTS_SKE DF_Awareness: W Street UNO pastel_EB,2023-05-19,06:00 PM,5579,0.22543560265852344,0.010957427698940184,0.004131489132387282,0.0,1628,1255,75,61,24,12,0.0021509231044990144,EB,"Fresh Colors, Fresh Style: Skechers Street Uno Pastels üåüüåà",Discover the latest must-have comfort sneakers üëü,20230519_EDM_MAA SPORTS_SKE DF_Awareness: W Street UNO pastel_EB List,,Friday,Email
N/A,01H0SFR4V19AC99BJ2Z5AJ9T7M,20230519_EDM_MAA SPORTS_SKE DF_Awareness: W Street UNO pastel_NB,2023-05-19,06:00 PM,93545,0.6314025337060002,0.004133603195510864,0.0011779698225549094,5.3544082843404975e-05,73726,58961,541,386,112,164,0.0017531669250093538,NB,"Fresh Colors, Fresh Style: Skechers Street Uno Pastels üåüüåà",Discover the latest must-have comfort sneakers üëü,20230519_EDM_MAA SPORTS_SKE DF_Awareness: W Street UNO pastel_NB List,20230519_EDM_MAA SPORTS_SKE DF_Awareness: W Street UNO pastel_EB List,Friday,Email
N/A,01H0FJR84TDRZG9AE2W0B1733K,20230518_EDM_MAA SPORTS_SKE DF_Promo: Long Weekend Buy 2 Get 15% Off_EB,2023-05-18,06:00 PM,5584,0.26202440775305097,0.011306532663316583,0.002871500358937545,0.00017946877243359656,1775,1460,76,63,16,12,0.002148997134670487,EB,Weekend Special: 15% Off for Cozy Comfort! üéâ, Cozy up this weekend with Skechers ‚òÅÔ∏è, 20230518_EDM_MAA SPORTS_SKE DF_Promo: Long Weekend Buy 2 Get 15% Off_EB List,,Thursday,Email
N/A,01H0MEHH2CYQBC2423ZBQJZKEM,20230518_EDM_MAA SPORTS_SKE DF_Promo: Long Weekend Buy 2 Get 15% Off_NB,2023-05-18,06:00 PM,95002,0.6657690195581464,0.003833481181092384,0.0007181176868162042,6.336332530731213e-05,77979,63043,572,363,69,310,0.003263089198122145,NB,Weekend Special: 15% Off for Cozy Comfort! üéâ, Cozy up this weekend with Skechers ‚òÅÔ∏è, 20230518_EDM_MAA SPORTS_SKE DF_Promo: Long Weekend Buy 2 Get 15% Off_NB List, 20230518_EDM_MAA SPORTS_SKE DF_Promo: Long Weekend Buy 2 Get 15% Off_EB List,Thursday,Email
N/A,01H0KV4J9B76KN734EV08T3WEV,20230517_EDM_MAA SPORTS_SKE DF_Birthday Treats Rp200k Voucher_EB,2023-05-17,02:00 PM,310,0.4045307443365696,0.05177993527508091,0.0,0.0,186,125,25,16,0,1,0.0032258064516129032,EB,It's your Birthday! üéâ,Get a free birthday voucher to continue your comfort journey! üéÅ,20230517_EDM_MAA SPORTS_SKE DF_Birthday Treats Rp200k Voucher_EB List,,Wednesday,Email
N/A,01H01TBGKJAWTY0M29B886BY0V,20230512_EDM_MAA SPORTS_SKE DF_Buy 2 or More Get 20% Off_EB,2023-05-12,06:00 PM,5962,0.23304728251724718,0.015816927477704863,0.001850917045263335,0.00016826518593303046,1791,1385,158,94,11,19,0.003186850050318685,EB,HOT DEALS Alert:  Enjoy 20% OFF! üî•,Find Your Perfect Comfort in Skechers üßòüèª,20230512_EDM_MAA SPORTS_SKE DF_Buy 2 or More Get 20% Off_EB List  ,,Friday,Email
N/A,01H07RT0T4DR6DA3048EVKD634,20230512_EDM_MAA SPORTS_SKE DF_Buy 2 or More Get 20% Off_NB,2023-05-12,06:00 PM,86937,0.7382076558109539,0.00572343267769128,0.0016698143627067116,0.00012667557234326778,79915,64103,755,497,148,101,0.0011617608153030356,NB,HOT DEALS Alert:  Enjoy 20% OFF! üî•,Find Your Perfect Comfort in Skechers üßòüèª,20230512_EDM_MAA SPORTS_SKE DF_Buy 2 or More Get 20% Off_NB list,20230512_EDM_MAA SPORTS_SKE DF_Buy 2 or More Get 20% Off_EB List  ,Friday,Email
N/A,01H04JNTABS2TC1TD8SMFPSWFW,20230517_EDM_MAA SPORTS_SKE DF_Birthday Treats Rp200k Voucher_ EB Testing MAA 2,2023-05-11,11:58 AM,16,0.375,0.0,0.0,0.0,7,6,0,0,0,0,0.0,EB,It's your Birthday! üéâ,Get a free birthday voucher to continue your comfort journey! üéÅ,20230509_Testing MAA_Voucher,,Thursday,Email
N/A,01H02WJMJ0YEHJZ21NAJDXK7FW,20230517_EDM_MAA SPORTS_SKE DF_Birthday Treats Rp200k Voucher_ EB Testing,2023-05-11,10:01 AM,16,0.375,0.0,0.0,0.0,11,6,0,0,0,0,0.0,EB,It's your Birthday! üéâ,Get a free birthday voucher to continue your comfort journey! üéÅ,20230509_Testing MAA_Voucher,,Thursday,Email
N/A,01GZNNFVHZV5AS4BDGA7E2PFPP,20230509_EDM_MAA SPORTS_SKE DF_Promo: Its Running Time 100k Mapclub_EB,2023-05-09,06:00 PM,6800,0.23482498892334958,0.01284891448825875,0.001476886722788362,0.0,2100,1590,124,87,10,29,0.004264705882352941,EB,Achieve Your Running Goals in Style and Comfort with Skechers üèÉüèªüí®,Get 100k CASHBACK!,20230509_EDM_MAA SPORTS_SKE DF_Promo: Its Running Time 100k Mapclub_EB List 1,,Tuesday,Email
N/A,01GZXFJMY0RAB7NA4Q2D7MS02M,20230509_EDM_MAA SPORTS_SKE DF_Promo: Its Running Time 100k Mapclub_NB,2023-05-09,06:00 PM,94024,0.7265598363450392,0.005380583020797818,0.0008417149676099557,0.00015981929764745994,85877,68192,726,505,79,168,0.001786777843954735,NB,Achieve Your Running Goals in Style and Comfort with Skechers üèÉüèªüí®,Get 100k CASHBACK!,20230509_EDM_MAA SPORTS_SKE DF_Promo: Its Running Time 100k Mapclub_NB List ,20230509_EDM_MAA SPORTS_SKE DF_Promo: Its Running Time 100k Mapclub_EB List 1,Tuesday,Email
N/A,01GY73CJEQ7R82Q39E973NXYX9,20230419_EDM_MAA SPORTS_SKE DF_Skechers Street UNO Pastel_EB,2023-04-19,06:00 PM,5870,0.2472733469665985,0.011758691206543968,0.0015337423312883436,0.0,1897,1451,97,69,9,2,0.00034071550255536625,EB,Pastel Perfection: Shop the New Street Uno Collection! üé®‚ú®,The perfect blend of comfort and trendy.,20230419_EDM_MAA SPORTS_SKE DF_Skechers Street UNO Pastel_EB List,,Wednesday,Email
N/A,01GYBHWDTQ33YZD1R0127AEKM4,20230419_EDM_MAA SPORTS_SKE DF_Skechers Street UNO Pastel_NB,2023-04-19,06:00 PM,100222,0.7112865870702392,0.004362496506009663,0.0016771153615780857,0.00013975961346484046,89392,71251,634,437,177,50,0.0004988924587415937,NB,Pastel Perfection: Shop the New Street Uno Collection! üé®‚ú®,The perfect blend of comfort and trendy.,20230419_EDM_MAA SPORTS_SKE DF_Skechers Street UNO Pastel_NB List,20230419_EDM_MAA SPORTS_SKE DF_Skechers Street UNO Pastel_EB List,Wednesday,Email
N/A,01GXT89RCYVRP8EVJN4NN150KJ,20230415_EDM_MAA SPORTS_SKE DF_Birthday Treat!_EB Final,2023-04-15,05:00 PM,401,0.24310776942355888,0.06265664160401002,0.002506265664160401,0.0,164,97,43,25,1,2,0.004987531172069825,EB,It's your Birthday! üéâ,Get a free birthday voucher to continue your comfort journey! üéÅ,20230415_EDM_MAA SPORTS_SKE DF_Birthday Treat!_EB List,,Saturday,Email
N/A,01GXWWGR6KZ5A6T2MC64JQ44FN,20230414_EDM_MAA SPORTS_SKE DF_Lebaran Sale Up To 50% + 20%_EB,2023-04-14,06:00 PM,6902,0.36492753623188406,0.02318840579710145,0.0018840579710144927,0.0,2996,2518,284,160,13,2,0.0002897710808461316,EB,Don't Miss Out: Skechers Sale Up to 50% + Extra 20% off!,Celebrate Lebaran in Style and Comfort with Skechers!,20230414_EDM_MAA SPORTS_SKE DF_Lebaran Sale Up To 50% + 20%_EB List,,Friday,Email
N/A,01GXZGX9JVMPM1H5AQR6C7AZER,20230414_EDM_MAA SPORTS_SKE DF_Lebaran Sale Up To 50% + 20%_NB,2023-04-14,06:00 PM,119244,0.7492216935612449,0.008634795962037107,0.0010908877308696053,0.00015943743758863464,108276,89284,1670,1029,134,75,0.0006289624635201772,EB,Don't Miss Out: Skechers Sale Up to 50% + Extra 20% off!,Celebrate Lebaran in Style and Comfort with Skechers!,20230414_EDM_MAA SPORTS_SKE DF_Lebaran Sale Up To 50% + 20%_NB List,20230414_EDM_MAA SPORTS_SKE DF_Lebaran Sale Up To 50% + 20%_EB List,Friday,Email
N/A,01GXAA9A0W8SHQK4KEZB7N07SN,20230410_EDM_MAA SPORTS_SKE DF_Lebaran Sale Up To 50%_EB,2023-04-10,06:00 PM,6943,0.3578735052586083,0.02521250540267973,0.0005762858377755367,0.00014407145944388418,3071,2484,262,175,4,2,0.00028805991646262423,EB,Lebaran is coming! Up to 50% Off Skechers!,Elevate your comfortable look with Skechers at unbeatable prices!,20230410_EDM_MAA SPORTS_SKE DF_Lebaran Sale Up To 50% _EB List,,Monday,Email
N/A,01GXNA2R6W1CRAT34W1SB3GXE7,20230410_EDM_MAA SPORTS_SKE DF_Lebaran Sale Up To 50%_NB,2023-04-10,06:00 PM,125449,0.7134888397666606,0.009320809825155015,0.001077319628763636,0.00020748378035447806,109194,89408,1681,1168,140,138,0.0011000486253377867,NB,Lebaran is coming! Up to 50% Off Skechers!,Elevate your comfortable look with Skechers at unbeatable prices!,20230410_EDM_MAA SPORTS_SKE DF_Lebaran Sale Up To 50% _NB List,20230410_EDM_MAA SPORTS_SKE DF_Lebaran Sale Up To 50% _EB List,Monday,Email
N/A,01GXMMC878DNN49YMPMX25TAV5,20230415_EDM_MAA SPORTS_SKE DF_Birthday Treat!_EB,2023-04-10,01:34 PM,16,0.5,0.0625,0.0,0.0,10,8,1,1,0,0,0.0,EB,It's your Birthday! üéâ,Get a free birthday voucher to continue your comfort journey! üéÅ,20230410_Testing MAA Voucher,,Monday,Email
N/A,01GX2DFY26924ZDM267Y53JJKB,20230405_EDM_MAA SPORTS_SKE DF_Buy More Save More Buy 2 Get 20% OFF_EB,2023-04-05,06:00 PM,6967,0.4263331895932155,0.0129366106080207,0.00129366106080207,0.00014374011786689664,3577,2966,143,90,9,10,0.0014353380221042056,EB,"Ready, set, save! Buy 2 Skechers products and get 20% off! ‚ú®",Shop now and save big on your favorite comfort styles.,20230405_EDM_MAA SPORTS_SKE DF_Buy More Save More Buy 2 Get 20% OFF_EB List,,Wednesday,Email
N/A,01GX5Q9KJ3QHBRHMQE9BY9JE40,20230405_EDM_MAA SPORTS_SKE DF_Buy More Save More Buy 2 Get 20% OFF_NB,2023-04-05,06:00 PM,126132,0.7098880152489874,0.0044396791358907155,0.0011595584147406877,0.00015884361845762846,108253,89382,832,559,152,222,0.0017600608885929027,NB,"Ready, set, save! Buy 2 Skechers products and get 20% off! ‚ú®",Shop now and save big on your favorite comfort styles.,20230405_EDM_MAA SPORTS_SKE DF_Buy More Save More Buy 2 Get 20% OFF_NB List,20230405_EDM_MAA SPORTS_SKE DF_Buy More Save More Buy 2 Get 20% OFF_EB List,Wednesday,Email
N/A,01GWP2JAG11AJCH799C09YCDHK,20230329_EDM_MAA SPORTS_SKE DF_Kids Collection 25% mapclub point_EB,2023-03-29,05:00 PM,6252,0.3951923076923077,0.01201923076923077,0.000641025641025641,0.0004807692307692308,2906,2466,107,75,4,12,0.0019193857965451055,EB,Exclusive offer: 25% cashback for MAPCLUB,Spoil your little ones with Skechers Kids Collection and enjoy this limited-time deal!,20230329_EDM_MAA SPORTS_SKE DF_Kids Collection 25% mapclub point_EB List,,Wednesday,Email
N/A,01GWP67QK9MMEJ11V2C1PDKAGX,20230329_EDM_MAA SPORTS_SKE DF_Kids Collection 25% mapclub point_NB,2023-03-29,05:00 PM,128338,0.6532307908963596,0.005359224516300648,0.0007745448571003857,7.04131688273078e-05,100056,83494,1012,685,100,521,0.00405959263818978,NB,Exclusive offer: 25% cashback for MAPCLUB,Spoil your little ones with Skechers Kids Collection and enjoy this limited-time deal!,20230329_EDM_MAA SPORTS_SKE DF_Kids Collection 25% mapclub point_NB List,20230329_EDM_MAA SPORTS_SKE DF_Kids Collection 25% mapclub point_EB List,Wednesday,Email
N/A,01GVYVGTAE74M5GQZG8TJT0SZ0,20230323_EDM_MAA SPORTS_SKE DF_Skechers x AVA MAX_EB,2023-03-23,06:00 PM,7198,0.30090369951990964,0.010166619598983339,0.0024004518497599547,0.0,2707,2131,104,72,17,116,0.01611558766323979,EB,Skechers x Ava Max: The Ultimate Fashion-Music Collaboration üéµüî•,Discover the first two styles of this limited edition collection,20230323_EDM_MAA SPORTS_SKE DF_Skechers x AVA MAX_EB List,,Thursday,Email
N/A,01GW6M3ETMG6X5JD913JSEMW8P,20230323_EDM_MAA SPORTS_SKE DF_Skechers x AVA MAX_NB,2023-03-23,06:00 PM,123044,0.6360587449057409,0.004198407557133603,0.0016646029962853932,0.00016400029520053137,96731,77568,733,512,211,1093,0.008883001202821756,NB,Skechers x Ava Max: The Ultimate Fashion-Music Collaboration üéµüî•,Discover the first two styles of this limited edition collection,20230323_EDM_MAA SPORTS_SKE DF_Skechers x AVA MAX_NB List,20230323_EDM_MAA SPORTS_SKE DF_Skechers x AVA MAX_EB List,Thursday,Email
N/A,01GVZBQJQSGASEERB66ZBC0A04,20230322_EDM_MAA SPORTS_SKE DF_Long Weekend Cashback 200k_EB,2023-03-22,12:00 PM,6923,0.2848265895953757,0.015173410404624277,0.0005780346820809249,0.00014450867052023122,2396,1971,134,105,4,3,0.00043333814820164666,EB,Don't miss out on the Skechers long weekend cashback offer!,"Shop your favourite Skechers shoes and get Rp 200.000 cashback. Hurry, limited time only!",20230322_EDM_MAA SPORTS_SKE DF_Long Weekend Cashback 200k_EB List,,Wednesday,Email
N/A,01GW1WYPJHSTZVZB4CF52H101A,20230322_EDM_MAA SPORTS_SKE DF_Long Weekend Cashback 200k_NB,2023-03-22,12:00 PM,100229,0.5492161192657801,0.005485666323604353,0.0008693132425383947,0.0004796210993315281,67475,54965,817,549,95,150,0.0014965728481776731,NB,Don't miss out on the Skechers long weekend cashback offer!,"Shop your favourite Skechers shoes and get Rp 200.000 cashback. Hurry, limited time only!",20230322_EDM_MAA SPORTS_SKE DF_Long Weekend Cashback 200k_NB List,20230322_EDM_MAA SPORTS_SKE DF_Long Weekend Cashback 200k_EB List,Wednesday,Email
N/A,01GVQ7DN1GR3S4JFRW1G1QEJBW,20230319_EDM_MAA SPORTS_SKE DF_Birthday Treats_EB,2023-03-19,10:00 AM,351,0.33618233618233617,0.045584045584045586,0.002849002849002849,0.0,186,118,37,16,1,0,0.0,EB,It's your Birthday! üéâ,Get a free birthday voucher to continue your comfort journey! üéÅ,20230319_EDM_MAA SPORTS_SKE DF_Birthday Treats_EB List,,Sunday,Email
N/A,01GVFPG5BJ6Q1BDNAATBKDJEPH,20230317_EDM_MAA SPORTS_SKE DF_BOGO 30%_EB,2023-03-18,12:00 PM,7314,0.313953488372093,0.026265389876880985,0.002188782489740082,0.0,2941,2295,258,192,16,4,0.0005468963631391851,EB,Step into comfort with Skechers - Buy One Get One 30% Off,Get ready for unbeatable comfort and style. Find yours NOW,20230317_EDM_MAA SPORTS_SKE DF_BOGO 30%_EB List,,Saturday,Email
N/A,01GVR1KW2QM5601ZF5ZD2QRPG0,20230317_EDM_MAA SPORTS_SKE DF_BOGO 30%_NB,2023-03-18,12:00 PM,105006,0.6940699394112876,0.009560612566194362,0.0010591097752969802,0.00024807976718668,91460,72742,1427,1002,114,201,0.001914176332780984,NB,Step into comfort with Skechers - Buy One Get One 30% Off,Get ready for unbeatable comfort and style. Find yours NOW,20230317_EDM_MAA SPORTS_SKE DF_BOGO 30%_NB List,20230317_EDM_MAA SPORTS_SKE DF_BOGO 30%_EB List,Saturday,Email
N/A,01GVHHS2VS34644PMXCNWG1WSW,20230319_EDM_MAA SPORTS_SKE DF_Birthday Treats_EB_Testing Kenna dan MAA,2023-03-16,07:21 PM,16,0.375,0.0625,0.0,0.0,8,6,1,1,0,0,0.0,EB,It's your Birthday! üéâ,Get a free birthday voucher to continue your comfort journey! üéÅ,testing voucher kenna+maa,,Thursday,Email
N/A,01GVHSB2FDZBETPV9TDHN7PQ7K,20230317_EDM_MAA SPORTS_SKE DF_Birthday Treats_EB Testing Kenna,2023-03-15,11:45 AM,9,0.2222222222222222,0.0,0.0,0.0,3,2,0,0,0,0,0.0,EB,It's your Birthday! üéâ,Get a free birthday voucher to continue your comfort journey! üéÅ,20230315_testing voucher kenna,,Wednesday,Email
N/A,01GTK3F88K1N9ND7XSNFVRQBVF,20230309_EDM_MAA SPORTS_SKE DF_Skechers x DVF Launch_EB,2023-03-09,12:00 PM,9645,0.26408414037280015,0.023117775695095284,0.010517546600020827,0.00010413412475268145,3454,2536,303,222,106,42,0.004354587869362364,EB,Introducing the Skechers x DVF Collection: Elevating Style with Iconic Collaboration üî•,Comfort meets high-end fashion,20230309_EDM_MAA SPORTS_SKE DF_Skechers x DVF Launch_EB List,,Thursday,Email
N/A,01GV29BXVHRC74YETBE9CBVBRV,20230309_EDM_MAA SPORTS_SKE DF_Skechers x DVF Launch_NB,2023-03-09,12:00 PM,112618,0.6325688073394495,0.007708220903040115,0.0030401151286202554,0.0008184925346285303,88889,70329,1206,857,347,1438,0.01276882913921398,NB,Introducing the Skechers x DVF Collection: Elevating Style with Iconic Collaboration üî•,Comfort meets high-end fashion,20230309_EDM_MAA SPORTS_SKE DF_Skechers x DVF Launch_NB List,20230309_EDM_MAA SPORTS_SKE DF_Skechers x DVF Launch_EB List,Thursday,Email
N/A,01GSSV7M7ZAR1VFWMSZ3YNKPX3,20230225_EDM_MAA SPORTS_SKE DF_Pay day cash rebate 200k recipient women_EB,2023-02-25,12:00 PM,634,0.2476340694006309,0.026813880126182965,0.0015772870662460567,0.0,213,157,22,17,1,0,0.0,EB,Don't Miss Out on Rp. 200K Cashback* ü§ë,Save Up with Limited-Time Offers,20230224_EDM_MAA SPORTS_SKE DF_Pay day cash rebate 200k recipient women_EB List,,Saturday,Email
N/A,01GSVH2G9B57APWS9J1VBEDHCE,20230225_EDM_MAA SPORTS_SKE DF_Pay day cash rebate 200k recipient men_EB,2023-02-25,12:00 PM,739,0.16373477672530445,0.018944519621109608,0.0013531799729364006,0.0,169,121,25,14,1,0,0.0,EB,Don't Miss Out on Rp. 200K Cashback* ü§ë,Save Up with Limited-Time Offers,20230224_EDM_MAA SPORTS_SKE DF_Pay day cash rebate 200k recipient men_EB List,,Saturday,Email
N/A,01GT1G8SR8JF9SJS2TYM7B14R2,20230225_EDM_MAA SPORTS_SKE DF_Pay day cash rebate 200k recipient women_NB,2023-02-25,12:00 PM,1586,0.20986093552465235,0.01327433628318584,0.0,0.0006321112515802782,438,332,29,21,0,4,0.0025220680958385876,NB,Don't Miss Out on Rp. 200K Cashback* ü§ë,Save Up with Limited-Time Offers,20230224_EDM_MAA SPORTS_SKE DF_Pay day cash rebate 200k recipient women_NB List,20230224_EDM_MAA SPORTS_SKE DF_Pay day cash rebate 200k recipient women_EB List,Saturday,Email
N/A,01GT1GQ7P370DGV6615RGSADY0,20230225_EDM_MAA SPORTS_SKE DF_Pay day cash rebate 200k recipient men_NB,2023-02-25,12:00 PM,1718,0.14052478134110788,0.013411078717201166,0.0011661807580174927,0.0,322,241,30,23,2,3,0.0017462165308498253,NB,Don't Miss Out on Rp. 200K Cashback* ü§ë,Save Up with Limited-Time Offers,20230224_EDM_MAA SPORTS_SKE DF_Pay day cash rebate 200k recipient men_NB List,20230224_EDM_MAA SPORTS_SKE DF_Pay day cash rebate 200k recipient men_EB List,Saturday,Email
N/A,01GSQ33YJSVGSWN6K9J0AD2JB1,20230224_EDM_MAA SPORTS_SKE DF_Opening Store Pakuwon Surabaya_EB,2023-02-24,12:00 PM,117,0.22413793103448276,0.017241379310344827,0.0,0.0,33,26,3,2,0,1,0.008547008547008548,EB,Ready for unbeatable comfort? Skechers' biggest Surabaya store is now open! üéâ,Visit us at Pakuwon Mall - level 1,20230224_EDM_MAA SPORTS_SKE DF_Opening Store Pakuwon Surabaya_EB List,,Friday,Email
N/A,01GT0VA6QNPJW73S7BY121R4CA,20230224_EDM_MAA SPORTS_SKE DF_Opening Store Pakuwon Surabaya_NB,2023-02-24,12:00 PM,179,0.12994350282485875,0.022598870056497175,0.0,0.0,38,23,6,4,0,2,0.0111731843575419,NB,Ready for unbeatable comfort? Skechers' biggest Surabaya store is now open! üéâ,Visit us at Pakuwon Mall - level 1,20230224_EDM_MAA SPORTS_SKE DF_Opening Store Pakuwon Surabaya_NB List,20230224_EDM_MAA SPORTS_SKE DF_Opening Store Pakuwon Surabaya_EB List,Friday,Email
N/A,01GSVD6WDV9NYE5G2DX4SSZ0TB,20230222_EDM_MAA SPORTS_SKE DF_Birthday Treats Feb_EB,2023-02-22,12:00 PM,273,0.22794117647058823,0.022058823529411766,0.0,0.0,107,62,13,6,0,1,0.003663003663003663,EB,It's your Birthday! üéâ,Get a free birthday voucher to continue your comfort journey! üéÅ,20230215_EDM_MAA SPORTS_SKE DF_Birthday Treats Feb_EB List,,Wednesday,Email
N/A,01GS766NRS16PXT9C5SCFJQZ74,20230222_EDM_MAA SPORTS_SKE DF_Birthday Treats Feb_EB Test MAA,2023-02-22,08:26 AM,16,0.4375,0.0,0.0,0.0,10,7,0,0,0,0,0.0,EB,It's your Birthday! üéâ,Get a free birthday voucher to continue your comfort journey! üéÅ,Testing MAA,,Wednesday,Email
N/A,01GS75XC6PHS9HB2G36GEQXRFA,20230215_EDM_MAA SPORTS_SKE DF_Birthday Treats Feb_EB Test MAA2,2023-02-14,12:25 PM,16,0.5,0.0,0.0,0.0,14,8,0,0,0,0,0.0,EB,Happy Birthday! üéâ,"It's your birthday, and we've got a surprise for you! üéÅ",Testing MAA,,Tuesday,Email
N/A,01GS6X6RWDB7443T9N1SXGKRFQ,20230215_EDM_MAA SPORTS_SKE DF_Birthday Treats Feb_EB Test MAA,2023-02-14,10:24 AM,16,0.375,0.0,0.0,0.0,10,6,0,0,0,0,0.0,EB,Happy Birthday! üéâ,"It's your birthday, and we've got a surprise for you! üéÅ",Testing MAA,,Tuesday,Email
N/A,01GS5AAD7D1QMQQMV8CYP7Z6QE,20230215_EDM_MAA SPORTS_SKE DF_Birthday Treats Feb_EB Test Kenna,2023-02-14,09:48 AM,9,0.5555555555555556,0.0,0.0,0.0,25,5,0,0,0,0,0.0,NB,Happy Birthday! üéâ,"It's your birthday, and we've got a surprise for you! üéÅ",Testing Kenna,,Tuesday,Email
N/A,01GRQ8MKF6EVQ97F43MWSPZ9FA,20230210_EDM_MAA SPORTS_SKE DF_Valentine | BOGO 30% recipient women_EB,2023-02-10,01:00 PM,780,0.3059490084985836,0.0226628895184136,0.0084985835694051,0.0,150,108,10,8,3,427,0.5474358974358975,EB,V-Day gift he would love üíù,Get him a present and save 30% on your own treat!üòç,20230210_EDM_MAA SPORTS_SKE DF_Valentine | BOGO 30% recipient women_EB List,,Friday,Email
N/A,01GRR45X4ME3Y6F34EFEE996HS,20230210_EDM_MAA SPORTS_SKE DF_Valentine | BOGO 30% recipient men_EB,2023-02-10,01:00 PM,634,0.18769716088328076,0.017350157728706624,0.0015772870662460567,0.0015772870662460567,150,119,13,11,1,0,0.0,EB,V-Day gift she would love üíù,Get her a present and save 30% on your own treat!üòç,20230210_EDM_MAA SPORTS_SKE DF_Valentine | BOGO 30% recipient men_EB List,,Friday,Email
N/A,01GRR6SG1CCRAYK89HSE0CC0EF,20230210_EDM_MAA SPORTS_SKE DF_Valentine | BOGO 30% recipient gender neutral_EB,2023-02-10,01:00 PM,4746,0.25765189584285064,0.026496116948378255,0.001827318410232983,0.00045682960255824577,746,564,99,58,5,2557,0.5387694900969238,EB,V-Day gift for your loved one üíù, Get 30% off on the second item. Limited time offer! üòç,20230210_EDM_MAA SPORTS_SKE DF_Valentine | BOGO 30% recipient gender neutral_EB List,,Friday,Email
N/A,01GRWWGP4XGPKQS4NPHPVF2ZKJ,20230210_EDM_MAA SPORTS_SKE DF_Valentine | BOGO 30% recipient women_NB,2023-02-10,01:00 PM,1897,0.19047619047619047,0.023809523809523808,0.0031746031746031746,0.0015873015873015873,158,120,25,15,2,1267,0.6678966789667896,NB,V-Day gift he would love üíù,Get him a present and save 30% on your own treat!üòç,20230210_EDM_MAA SPORTS_SKE DF_Valentine | BOGO 30% recipient women_NB List,20230210_EDM_MAA SPORTS_SKE DF_Valentine | BOGO 30% recipient women_EB List,Friday,Email
N/A,01GRWX13YQR11MZVTGHVX7MMQ5,20230210_EDM_MAA SPORTS_SKE DF_Valentine | BOGO 30% recipient men_NB,2023-02-10,01:00 PM,1468,0.14335971855760773,0.003518029903254178,0.001759014951627089,0.0,233,163,5,4,2,331,0.22547683923705722,NB,V-Day gift she would love üíù,Get her a present and save 30% on your own treat!üòç,20230210_EDM_MAA SPORTS_SKE DF_Valentine | BOGO 30% recipient men_NB List,20230210_EDM_MAA SPORTS_SKE DF_Valentine | BOGO 30% recipient men_EB List,Friday,Email
N/A,01GRWXEZA95EVZG2CTF95SHZZF,20230210_EDM_MAA SPORTS_SKE DF_Valentine | BOGO 30% recipient gender neutral_NB,2023-02-10,01:00 PM,63663,0.18368497342567242,0.015541955226284427,0.0010468674504751168,0.00040264132710581414,5933,4562,588,386,27,38827,0.6098832917078995,NB,V-Day gift for your loved one üíù, Get 30% off on the second item. Limited time offer! üòç,20230210_EDM_MAA SPORTS_SKE DF_Valentine | BOGO 30% recipient gender neutral_NB List,20230210_EDM_MAA SPORTS_SKE DF_Valentine | BOGO 30% recipient gender neutral_EB List,Friday,Email
N/A,01GR61ZBA0AVNW8DR3W6PVBCK1,20230203_EDM_MAA SPORTS_SKE DF_2.2 Buy 2 or more get 20% off_EB,2023-02-04,10:00 AM,6191,0.22689755623887362,0.03576630522738307,0.0038841236446026865,0.0001618384851917786,1904,1402,361,221,25,12,0.001938297528670651,EB,Limited Time Offer: Get 30% + 20%* off,N/A,20230203_EDM_MAA SPORTS_SKE DF_2.2 Buy 2 or more get 20% off_EB_List,,Saturday,Email
N/A,01GRBWDV4Z45CSCV5J54HVNSWJ,20230203_EDM_MAA SPORTS_SKE DF_2.2 Buy 2 or more get 20% off_NB,2023-02-04,10:00 AM,85958,0.13296908959188602,0.015983458101907752,0.0011621588988167109,0.00022639459067858006,11441,8810,1617,1059,78,19702,0.229204960562135,NB,Limited Time Offer: Get 30% + 20%* off,N/A,20230203_EDM_MAA SPORTS_SKE DF_2.2 Buy 2 or more get 20% off_NB_List,20230203_EDM_MAA SPORTS_SKE DF_2.2 Buy 2 or more get 20% off_EB_List,Saturday,Email
N/A,01GQGZ39JYKNFJ1QXFPD0CSRA9,20230127_EDM_MAA SPORTS_SKE DF_Cashback Rebate 200k_EB,2023-01-27,06:00 PM,8051,0.1603233830845771,0.01579601990049751,0.0008706467661691543,0.0001243781094527363,1713,1289,197,127,7,11,0.0013662899018755433,EB,PAYDAY Offer‚ú®,N/A,20230127_EDM_MAA SPORTS_SKE DF_Cashback Rebate 200k_EB List,,Friday,Email
N/A,01GQQ2FSC96DDXXPZ4K4DWPD0T,20230127_EDM_MAA SPORTS_SKE DF_Cashback Rebate 200k_NB,2023-01-27,06:00 PM,211066,0.3734079908892474,0.007971908512859447,0.001352377337002942,0.00021353326373730664,99307,78692,2419,1680,298,326,0.0015445405702481688,NB,PAYDAY Offer‚ú®,N/A,20230127_EDM_MAA SPORTS_SKE DF_Cashback Rebate 200k_NB List,20230127_EDM_MAA SPORTS_SKE DF_Cashback Rebate 200k_EB List,Friday,Email
N/A,01GPWMQ9P1KKQXWNY9VSBA94X1,20230120_EDM_MAA SPORTS_SKE DF_CNY - Buy 2 Get 20%_EB,2023-01-20,12:00 PM,8216,0.1612667478684531,0.007308160779537149,0.0010962241169305725,0.000243605359317905,1716,1324,69,60,9,6,0.0007302823758519961,EB,May Your Year Be Filled with Abundance on This Rabbit Year!,N/A,20230120_EDM_MAA SPORTS_SKE DF_CNY - Buy 2 Get 20%_EB List,,Friday,Email
N/A,01GQ54M4NMV0C7TGNZ53TKT9AY,20230120_EDM_MAA SPORTS_SKE DF_CNY - Buy 2 Get 20%_NB,2023-01-20,12:00 PM,230218,0.4236321161775089,0.0039051263500143826,0.0013075199832637441,0.00020048639743377411,122191,97199,1124,896,309,776,0.003370718188847093,NB,May Your Year Be Filled with Abundance on This Rabbit Year!,N/A,20230120_EDM_MAA SPORTS_SKE DF_CNY - Buy 2 Get 20%_NB List,20230120_EDM_MAA SPORTS_SKE DF_CNY - Buy 2 Get 20%_EB List,Friday,Email
N/A,01GPB4JM57PD1N0CG4SZGA0EJ6,20230113_EDM_MAA SPORTS_SKE DF_Back To School: Buy 2 Get 20% OFF_EB,2023-01-13,12:00 PM,8297,0.14824211670895251,0.010027787845837863,0.0007249003262051468,0.00012081672103419114,1584,1227,101,83,6,20,0.002410509822827528,EB,It‚Äôs BACK TO SCHOOL time!,N/A,20230113_EDM_MAA SPORTS_SKE DF_Back To School: Buy 2 Get 20% OFF_EB_List,,Friday,Email
N/A,01GPDMKP3V5JT0S9WE7GYBNRJA,20230113_EDM_MAA SPORTS_SKE DF_Back To School: Buy 2 Get 20% OFF_NB,2023-01-13,12:00 PM,257543,0.5047950295093703,0.007605908876932115,0.0015639771706018979,0.00028011531413765333,163928,129751,2617,1955,407,506,0.0019647204544483835,NB,It‚Äôs BACK TO SCHOOL time!,N/A,20230113_EDM_MAA SPORTS_SKE DF_Back To School: Buy 2 Get 20% OFF_NB_List,20230113_EDM_MAA SPORTS_SKE DF_Back To School: Buy 2 Get 20% OFF_EB_List,Friday,Email
N/A,01GMASEH1KHDDFX1V1BBHX3ZZF,20221228_EDM_MAA SPORTS_SKE DF_YEAR END SALE FINAL CLEARANCE BUY 2 GET 20%_EB,2022-12-28,06:00 PM,7248,0.14774924054128694,0.012013256006628004,0.0006904170118751726,0.00013808340237503452,1430,1070,144,87,5,6,0.0008278145695364238,EB,Reward Yourself by Investing in The Best Shoes!,N/A,20221228_EDM_MAA SPORTS_SKE DF_YEAR END SALE FINAL CLEARANCE BUY 2 GET 20%_EB List_NEW,,Wednesday,Email
N/A,01GN959N3XGYRSNNJ1X4QVWZ82,20221228_EDM_MAA SPORTS_SKE DF_YEAR END SALE FINAL CLEARANCE BUY 2 GET 20%_NB,2022-12-28,06:00 PM,439217,0.2558155444526285,0.0036394898329164035,0.0006476285166342472,0.0001117387229404159,143928,112181,2151,1596,293,694,0.0015800845595685049,NB,Reward Yourself by Investing in The Best Shoes!,N/A,20221228_EDM_MAA SPORTS_SKE DF_YEAR END SALE FINAL CLEARANCE BUY 2 GET 20%_NB List_NEW,20221228_EDM_MAA SPORTS_SKE DF_YEAR END SALE FINAL CLEARANCE BUY 2 GET 20%_EB List_NEW,Wednesday,Email
N/A,01GMAJYM5VFW11HE4B5D16FHTB,20221223_EDM_MAA SPORTS_SKE DF_Kids Holiday_EB,2022-12-23,06:00 PM,6747,0.17653167185877466,0.010087524106215695,0.0011867675419077288,0.0,1553,1190,104,68,8,6,0.0008892841262783459,N/A,Give the Best Holiday Present for Your Loved Ones! üéÅ,N/A,20221223_EDM_MAA SPORTS_SKE DF_Kids Holiday_EB List NEW,,Friday,Email
N/A,01GMTCZ87RX2Q202CFM2XWQV42,20221223_EDM_MAA SPORTS_SKE DF_Kids Holiday_NB,2022-12-23,06:00 PM,474257,0.37102086443742543,0.004186391975331798,0.0017705887207496492,0.0002975989516514241,189806,148359,2180,1674,740,74390,0.15685588193743055,N/A,Give the Best Holiday Present for Your Loved Ones! üéÅ,N/A,20221223_EDM_MAA SPORTS_SKE DF_Kids Holiday_NB List NEW,20221223_EDM_MAA SPORTS_SKE DF_Kids Holiday_EB List NEW,Friday,Email
N/A,01GMAX1GWH4B88E4J19CS1P5R2,20221216_EDM_MAA SPORTS_SKE DF_Skechers x Ryan's World_EB,2022-12-16,06:00 PM,8455,0.14333333333333334,0.010952380952380953,0.0020238095238095236,0.00011904761904761905,1538,1204,123,92,17,55,0.006505026611472502,EB,Just Arrived! Skechers x Ryan‚Äôs World Collection ‚≠ê,N/A,20221216_EDM_MAA SPORTS_SKE DF_Skechers x Ryan's World_EB List,,Friday,Email
N/A,01GMCE4QJS29W7Q46FM0GWHRE2,20221216_EDM_MAA SPORTS_SKE DF_Skechers x Ryan's World_NB,2022-12-16,06:00 PM,346522,0.19705409874001012,0.0044067785241651775,0.0012777645492442408,0.0012542885601505146,74698,58757,1887,1314,387,48345,0.13951495143165513,N/A,Just Arrived! Skechers x Ryan‚Äôs World Collection ‚≠ê,N/A,20221216_EDM_MAA SPORTS_SKE DF_Skechers x Ryan's World_NB List,20221216_EDM_MAA SPORTS_SKE DF_Skechers x Ryan's World_EB List,Friday,Email
N/A,01GK922CF5SVZRH8DAYQT6DM79,20221207_EDM_MAA SPORTS_SKE DF_Wednesday Workout | 25% Cashback_EB,2022-12-07,05:00 PM,4212,0.08277671755725191,0.011211832061068702,0.0011927480916030535,0.0,472,347,64,47,5,20,0.004748338081671415,N/A,One Day Only! 25% CashBack on MAPCLUB Points!,N/A,20221207_EDM_MAA SPORTS_SKE DF_Wednesday Workout | 25% Cashback_EB List,,Wednesday,Email
N/A,01GKNTATSN9625QBG4YSYHFXMY,20221207_EDM_MAA SPORTS_SKE DF_Wednesday Workout | 25% Cashback_NB,2022-12-07,05:00 PM,283375,0.20045588774168516,0.005011531912141918,0.000910697734572026,0.00045265449529023773,48184,37199,1202,930,181,97803,0.34513630348478164,N/A,One Day Only! 25% CashBack on MAPCLUB Points!,N/A,20221207_EDM_MAA SPORTS_SKE DF_Wednesday Workout | 25% Cashback_NB List,20221207_EDM_MAA SPORTS_SKE DF_Wednesday Workout | 25% Cashback_EB List,Wednesday,Email
N/A,01GHZTHA4Z38VT37T1BJ8Z1504,20221123_EDM_MAA SPORTS_SKE DF_Skechers World of Comfort_EB,2022-11-23,06:00 PM,10709,0.2106847253574116,0.01598946576373213,0.0017870579382994734,9.405568096313017e-05,3075,2240,240,170,19,77,0.007190213838827154,N/A,INVITATION: Experience Skechers World of Comfort,N/A,20221123_EDM_MAA SPORTS_SKE DF_Skechers World of Comfort_EB List,,Wednesday,Email
N/A,01GJCJ0NCD6KBFYG5P6WX8BPVQ,20221123_EDM_MAA SPORTS_SKE DF_Skechers World of Comfort_NB,2022-11-23,06:00 PM,281638,0.3159382904115889,0.006416704989652793,0.001976028972177512,0.0003700563347896068,116001,87937,2284,1786,595,3302,0.011724270162407062,N/A,INVITATION: Experience Skechers World of Comfort,N/A,20221123_EDM_MAA SPORTS_SKE DF_Skechers World of Comfort_NB List,20221123_EDM_MAA SPORTS_SKE DF_Skechers World of Comfort_EB List,Wednesday,Email
N/A,01GJ4RHNGQN6HBJ8BTCD08PXQG,20221118_EDM_MAA SPORTS_SKE DF_Order Delay Informations_EB,2022-11-18,03:00 PM,5,0.8,0.0,0.0,0.0,55,4,0,0,0,0,0.0,N/A,‚è≥Pesanan Anda Dalam Proses Persiapan,Mohon Maaf Atas Keterlambatan Pengiriman üôè,20221118_EDM_MAA SPORTS_SKE DF_Order Delay Informations_EB,,Friday,Email
N/A,01GJ2CXRFXKVAGQS6649DJY46Y,20221117_EDM_MAA SPORTS_SKE DF_Order Delay Informations_EB,2022-11-17,07:00 PM,6,0.6666666666666666,0.16666666666666666,0.0,0.0,9,4,1,1,0,0,0.0,N/A,‚è≥Pesanan Anda Dalam Proses Persiapan,Mohon Maaf Atas Keterlambatan Pengiriman üôè,20221117_EDM_MAA SPORTS_SKE DF_Order Delay Informations_EB,,Thursday,Email
N/A,01GHGFTV04NTQV6XQTZKCH7AP2,20221116_EDM_MAA SPORTS_SKE DF_W Sport Glide Step_EB,2022-11-16,06:00 PM,10688,0.22154165096117603,0.01479457218243498,0.002638522427440633,0.0,3119,2351,198,157,31,76,0.007110778443113772,N/A,It‚Äôs Time to Enjoy Supportive Comfort and Reliable Traction Footwear üëü,N/A,20221116_EDM_MAA SPORTS_SKE DF_W Sport Glide Step_EB_List,,Wednesday,Email
N/A,01GHK02EV10F0MG2B8E7QRD33N,20221116_EDM_MAA SPORTS_SKE DF_W Sport Glide Step_NB,2022-11-16,06:00 PM,281703,0.30677609488262164,0.005559078266634002,0.0028029571558271247,0.0005332103586920494,111272,85150,2031,1543,807,4139,0.014692779274626113,N/A,It‚Äôs Time to Enjoy Supportive Comfort and Reliable Traction Footwear üëü,N/A,20221116_EDM_MAA SPORTS_SKE DF_W Sport Glide Step_NB_List,20221116_EDM_MAA SPORTS_SKE DF_W Sport Glide Step_EB_List,Wednesday,Email
N/A,01GHZHD6EA9NKH83ZY2A5Q03CJ,20221116_EDM_MAA SPORTS_SKE DF_Order Delay Informations_EB,2022-11-16,05:00 PM,3,0.6666666666666666,0.0,0.0,0.0,19,2,0,0,0,0,0.0,N/A,‚è≥Pesanan Anda Dalam Proses Persiapan,Mohon Maaf Atas Keterlambatan Pengiriman üôè,20221116_EDM_MAA SPORTS_SKE DF_Order Delay Informations_EB,,Wednesday,Email
N/A,01GHX8X7BN7GK6359HKSDQX9NQ,20221115_EDM_MAA SPORTS_SKE DF_Order Delay Informations_EB,2022-11-15,05:00 PM,7,0.42857142857142855,0.14285714285714285,0.0,0.0,19,3,1,1,0,0,0.0,N/A,‚è≥Pesanan Anda Dalam Proses Persiapan,Mohon Maaf Atas Keterlambatan Pengiriman üôè,20221115_EDM_MAA SPORTS_SKE DF_Order Delay Informations_EB,,Tuesday,Email
N/A,01GHT9Y8BG2DGV00B8NJSSSRPB,20221114_EDM_MAA SPORTS_SKE DF_Order Delay Informations_EB,2022-11-14,05:00 PM,8,0.5,0.0,0.0,0.0,7,4,0,0,0,0,0.0,N/A,‚è≥Pesanan Anda Dalam Proses Persiapan,Mohon Maaf Atas Keterlambatan Pengiriman üôè,20221114_EDM_MAA SPORTS_SKE DF_Order Delay Informations_EB,,Monday,Email
N/A,01GHJNT5DJN4N271AM6F6E2EK0,20221111_EDM_MAA SPORTS_SKE DF_Order Delay Informations_EB,2022-11-11,05:00 PM,3,0.3333333333333333,0.0,0.0,0.0,5,1,0,0,0,0,0.0,N/A,‚è≥Pesanan Anda Dalam Proses Persiapan,Mohon Maaf Atas Keterlambatan Pengiriman üôè,20221111_EDM_MAA SPORTS_SKE DF_Order Delay Informations_EB,,Friday,Email
N/A,01GHG01TSHAW8CPEG1C60ZJH8M,20221110_EDM_MAA SPORTS_SKE DF_Order Delay Informations_EB,2022-11-10,03:00 PM,6,0.5,0.16666666666666666,0.0,0.0,11,3,1,1,0,0,0.0,N/A,‚è≥Pesanan Anda Dalam Proses Persiapan,Mohon Maaf Atas Keterlambatan Pengiriman üôè,20221110_EDM_MAA SPORTS_SKE DF_Order Delay Informations_EB,,Thursday,Email
N/A,01GHD5WX3PCHD0FSTC48WVN9SM,20221109_EDM_MAA SPORTS_SKE DF_Order Delay Informations_EB,2022-11-09,01:00 PM,2,1.0,0.0,0.0,0.0,2,2,0,0,0,0,0.0,N/A,‚è≥Pesanan Anda Dalam Proses Persiapan,Mohon Maaf Atas Keterlambatan Pengiriman üôè,20221109_EDM_MAA SPORTS_SKE DF_Order Delay Informations_EB,,Wednesday,Email
N/A,01GHB0411GZ91FAPN1JYP92QZJ,20221108_EDM_MAA SPORTS_SKE DF_Order Delay Informations_EB,2022-11-08,07:00 PM,3,0.6666666666666666,0.3333333333333333,0.0,0.0,8,2,1,1,0,0,0.0,N/A,‚è≥Pesanan Anda Dalam Proses Persiapan,Mohon Maaf Atas Keterlambatan Pengiriman üôè,20221108_EDM_MAA SPORTS_SKE DF_Order Delay Informations_EB,,Tuesday,Email
N/A,01GH8QVQV3W4ZRZ33AVQWX0K01,20221107_EDM_MAA SPORTS_SKE DF_Order Delay Informations_EB,2022-11-07,07:00 PM,14,0.35714285714285715,0.14285714285714285,0.0,0.0,10,5,5,2,0,0,0.0,N/A,‚è≥Pesanan Anda Dalam Proses Persiapan,Mohon Maaf Atas Keterlambatan Pengiriman üôè,20221107_EDM_MAA SPORTS_SKE DF_Order Delay Informations_EB,,Monday,Email
N/A,01GG4K0T33G9YVKQ3Q21JRD46C,20221102_EDM_MAA SPORTS_SKE DF_Boy Kids_EB,2022-11-02,06:00 PM,108,0.25925925925925924,0.0,0.0,0.0,43,28,0,0,0,0,0.0,N/A,Totally Rad with Skechers Kids üî•,N/A,20221102_EDM_MAA SPORTS_SKE DF_Boy Kids_EB_List,,Wednesday,Email
N/A,01GGRHPYTC9E41HT7D8M5PQX7X,20221102_EDM_MAA SPORTS_SKE DF_Boy Kids_NB,2022-11-02,06:00 PM,306741,0.17467305237115585,0.005927062730285571,0.003691184155691237,0.0006218123846504952,67946,52811,2956,1792,1161,4399,0.014341089062107772,N/A,Totally Rad with Skechers Kids üî•,N/A,20221102_EDM_MAA SPORTS_SKE DF_Boy Kids_NB_List,20221102_EDM_MAA SPORTS_SKE DF_Boy Kids_EB_List,Wednesday,Email
N/A,01GGED4ZPVBW3AYHSK1FCQEPTS,20221028_EDM_MAA SPORTS_SKE DF_Skechers x tokidoki Launch Promo_EB,2022-10-28,03:30 PM,3,0.0,0.0,0.0,0.0,0,0,0,0,0,0,0.0,N/A,Just Arrived : Skechers x Tokidoki!,N/A,20221028_EDM_MAA SPORTS_SKE DF_Skechers x tokidoki Launch Promo_EB_List,,Friday,Email
N/A,01GGESY8G7VKYYWZQ2QGNCJF0Y,20221028_EDM_MAA SPORTS_SKE DF_Skechers x tokidoki Launch Promo_NB,2022-10-28,03:30 PM,369332,0.21787184878550933,0.004739141862146002,0.0014017565762095626,0.00037781720218148365,101127,79579,2424,1731,534,4076,0.011036140924696479,N/A,Just Arrived : Skechers x Tokidoki!,N/A,20221028_EDM_MAA SPORTS_SKE DF_Skechers x tokidoki Launch Promo_NB_List,20221028_EDM_MAA SPORTS_SKE DF_Skechers x tokidoki Launch Promo_EB_List,Friday,Email
N/A,01GFJ8KKY3P5EV1C8DC8NX7MJN,20221019_EDM_MAA SPORTS_SKE DF_Women Street_EB,2022-10-19,06:00 PM,89,0.3409090909090909,0.056818181818181816,0.0,0.0,44,30,6,5,0,1,0.011235955056179775,N/A,Get the Best of Both! Style and Comfort Only for You ‚≠ê,N/A,20221019_EDM_MAA SPORTS_SKE DF_Women Street_EB_List,,Wednesday,Email
N/A,01GFNBNYNNS5DA2CP3V2BPPTPM,20221019_EDM_MAA SPORTS_SKE DF_Women Street_NB,2022-10-19,06:00 PM,374340,0.1559697246887689,0.005828610949979921,0.00377325866761858,0.0024262638882691537,71016,55927,2720,2090,1392,15764,0.042111449484425925,N/A,Get the Best of Both! Style and Comfort Only for You ‚≠ê,N/A,20221019_EDM_MAA SPORTS_SKE DF_Women Street_NB_List,20221019_EDM_MAA SPORTS_SKE DF_Women Street_EB_List,Wednesday,Email
N/A,01GF09KV5JBTEK8XGDY3PCGRGH,20221012_EDM_MAA SPORTS_SKE DF_Laid Back Comfort Men_EB,2022-10-12,06:00 PM,44,0.4318181818181818,0.0,0.0,0.0,29,19,0,0,0,0,0.0,N/A,Reward Yourself with Comfort üëü You Deserve It.,N/A,20221012_EDM_MAA SPORTS_SKE DF_Laid Back Comfort Men_EB List,,Wednesday,Email
N/A,01GF37TN0TVRE8PTA6YH86DBDV,20221012_EDM_MAA SPORTS_SKE DF_Laid Back Comfort Men_NB,2022-10-12,06:00 PM,314736,0.7095478188722596,0.009094680409739285,0.005214283434917191,0.0002967737817914925,276189,222351,3677,2850,1714,1366,0.004340145391693356,N/A,Reward Yourself with Comfort üëü You Deserve It.,N/A,20221012_EDM_MAA SPORTS_SKE DF_Laid Back Comfort Men_NB Lisr,20221012_EDM_MAA SPORTS_SKE DF_Laid Back Comfort Men_EB List,Wednesday,Email
N/A,01GEE5H9KK2A6K9FBX2XDRQHQD,20221005_EDM_MAA SPORTS_SKE DF_Twinkle Toes_EB,2022-10-05,07:00 PM,12,0.6666666666666666,0.0,0.0,0.0,12,8,0,0,0,0,0.0,N/A,Twinkle Toes - Every Girl‚Äôs Dream Shoe ‚ú®,N/A,20221005_EDM_MAA SPORTS_SKE DF_Twinkle Toes_EB List,,Wednesday,Email
N/A,01GEKX8S6PTEQXPWKBKZFA0C1Z,20221005_EDM_MAA SPORTS_SKE DF_Twinkle Toes_NB,2022-10-05,07:00 PM,228203,0.8572017941943242,0.006622894411137347,0.0028923044512521616,0.00021066860949939872,236487,195310,1995,1509,689,357,0.0015643966117886267,N/A,Twinkle Toes - Every Girl‚Äôs Dream Shoe ‚ú®,N/A,20221005_EDM_MAA SPORTS_SKE DF_Twinkle Toes_NB List,20221005_EDM_MAA SPORTS_SKE DF_Twinkle Toes_EB List,Wednesday,Email
N/A,01GDW1SFGCSH60J3JMH8A8DMZJ,20220928_EDM_MAA SPORTS_SKE DF_Men Arch Fit_EB,2022-09-28,06:00 PM,1231,0.6859235150528885,0.03254678600488202,0.0040683482506102524,0.0,1086,843,56,40,5,2,0.0016246953696181965,N/A,Experience the Podiatrist-Certified Comfort üëåüèº,N/A,20220928_EDM_MAA SPORTS_SKE DF_Men Arch Fit_EB_List,,Wednesday,Email
N/A,01GE1SJ2PK7Y2Q13PJBTAMFV9M,20220928_EDM_MAA SPORTS_SKE DF_Men Arch Fit_NB,2022-09-28,06:00 PM,170243,0.6403270076439512,0.0061564796505622285,0.003098899152967565,0.00033054924298320693,137451,108481,1415,1043,543,828,0.004863636096638335,N/A,Experience the Podiatrist-Certified Comfort üëåüèº,N/A,20220928_EDM_MAA SPORTS_SKE DF_Men Arch Fit_NB_List,20220928_EDM_MAA SPORTS_SKE DF_Men Arch Fit_EB_List,Wednesday,Email
N/A,UWrsAX,20220922_EDM_MAA SPORTS_SKE DF_Acc Equipment Fest Buy 2 get 30%_EB,2022-09-22,06:00 PM,1279,0.7905882352941176,0.04,0.00392156862745098,0.0,1460,1008,72,51,5,4,0.003127443315089914,N/A,Time to Refresh Your Accessories and Equipment!,N/A,20220922_EDM_MAA SPORTS_SKE DF_Acc Equipment Fest Buy 2 get 30%_EB_List,,Thursday,Email
N/A,WiNR7a,20220922_EDM_MAA SPORTS_SKE DF_Acc Equipment Fest Buy 2 get 30%_NB,2022-09-22,06:00 PM,131297,0.8909749771132133,0.007415318889227952,0.0022963075984131828,0.00014494964906927067,155318,116789,1409,972,306,217,0.0016527414944743596,N/A,Time to Refresh Your Accessories and Equipment!,N/A,20220922_EDM_MAA SPORTS_SKE DF_Acc Equipment Fest Buy 2 get 30%_NB_List,20220922_EDM_MAA SPORTS_SKE DF_Acc Equipment Fest Buy 2 get 30%_EB_List,Thursday,Email
N/A,R4baZr,20220914_EDM_MAA SPORTS_SKE DF_Shoe Festival I Buy 2 get 20% off_EB,2022-09-14,06:00 PM,1396,0.7412186379928315,0.05304659498207885,0.002867383512544803,0.0,1413,1034,114,74,4,1,0.0007163323782234957,N/A,Shoe Festival is Here! üëü,N/A,20220914_EDM_MAA SPORTS_SKE DF_Shoe Festival I Buy 2 get 20% off_EB_List,,Wednesday,Email
N/A,X86W6i,20220914_EDM_MAA SPORTS_SKE DF_Shoe Festival I Buy 2 get 20% off_NB,2022-09-14,06:00 PM,144740,0.8275200908153306,0.010417459801064588,0.0025057278724155353,0.00015228180440094414,152231,119551,2114,1505,375,271,0.001872322785684676,N/A,Shoe Festival is Here! üëü,N/A, 20220914_EDM_MAA SPORTS_SKE DF_Shoe Festival I Buy 2 get 20% off_NB_List,20220914_EDM_MAA SPORTS_SKE DF_Shoe Festival I Buy 2 get 20% off_EB_List,Wednesday,Email
N/A,VAK2r5,20220907_EDM_MAA SPORTS_SKE DF_Women Sport Highlight_EB,2022-09-07,06:00 PM,1592,0.7490566037735849,0.04716981132075472,0.00440251572327044,0.0,1612,1191,138,75,7,2,0.001256281407035176,EB,Walk Your Path with D‚ÄôLux Walker,N/A,20220907_EDM_MAA SPORTS_SKE DF_Women Sport Highlight_EB_List,,Wednesday,Email
N/A,Yzn5BM,20220907_EDM_MAA SPORTS_SKE DF_Women Sport Highlight_NB,2022-09-07,06:00 PM,138891,0.7479038286695626,0.009163984818091293,0.0031316294575209616,0.00013709898546750753,131742,103649,1708,1270,451,305,0.002195966621307356,NB,Walk Your Path with D‚ÄôLux Walker,N/A,20220907_EDM_MAA SPORTS_SKE DF_Women Sport Highlight_NB_List,20220907_EDM_MAA SPORTS_SKE DF_Women Sport Highlight_EB_List,Wednesday,Email
N/A,W69ARM,20220831_EDM_MAA SPORTS_SKE DF_Girl Sweet Kickz_EB,2022-08-31,06:00 PM,1670,0.5677458033573142,0.03717026378896882,0.0017985611510791368,0.0,1279,947,108,62,3,2,0.0011976047904191617,EB,A Sweet Treat with Skechers Jumpsters - Colorful and Sweet Scented Sneakers‚ú®,N/A,20220831_EDM_MAA SPORTS_SKE DF_Girl Sweet Kickz_EB_List,TO BE DELETED,Wednesday,Email
N/A,WwVG5q,20220831_EDM_MAA SPORTS_SKE DF_Girl Sweet Kickz_NB,2022-08-31,06:00 PM,20997,0.531379754689066,0.018660812294182216,0.0016704051925738558,9.545172528993462e-05,14005,11134,566,391,36,44,0.002095537457732057,NB,A Sweet Treat with Skechers Jumpsters - Colorful and Sweet Scented Sneakers‚ú®,N/A,20220831_EDM_MAA SPORTS_SKE DF_Girl Sweet Kickz_NB_List,"20220831_EDM_MAA SPORTS_SKE DF_Girl Sweet Kickz_EB_List, TO BE DELETED",Wednesday,Email
N/A,T5mmcQ,20220824_EDM_MAA SPORTS_SKE DF_Modern Comfort_EB,2022-08-24,06:00 PM,6037,0.19321582973062854,0.015131360159627535,0.0016627868307283007,0.0,1539,1162,142,91,12,23,0.003809839324167633,EB,Chic and Modern Silhouettes that Perfectly Suit You! ‚ú®,N/A,20220824_EDM_MAA SPORTS_SKE DF_Modern Comfort_EB_List,,Wednesday,Email
N/A,YhiqVZ,20220824_EDM_MAA SPORTS_SKE DF_Modern Comfort_NB,2022-08-24,06:00 PM,261129,0.15188181416649232,0.0037388319346614903,0.0014529139642466932,0.00030608054180130334,48736,39201,1297,965,387,3027,0.011591971784060752,NB,Chic and Modern Silhouettes that Perfectly Suit You! ‚ú®,N/A,20220824_EDM_MAA SPORTS_SKE DF_Modern Comfort_NB_List,20220824_EDM_MAA SPORTS_SKE DF_Modern Comfort_EB_List,Wednesday,Email
N/A,W7f6VA,20220823_EDM_MAA SPORTS_SKE DF_SPR Vouchers_NB,2022-08-23,06:00 PM,62,0.603448275862069,0.3103448275862069,0.0,0.0,76,35,27,18,0,4,0.06451612903225806,N/A,Happy 5th SPR Anniversary! Enjoy Special Voucher Just for You ‚≠ê,Redeem NOW,20220823_EDM_MAA SPORTS_SKE DF_SPR Vouchers_NB_List,,Tuesday,Email
N/A,VCKdFa,20220822_EDM_MAA SPORTS_SKE DF_Slip Ins_EB,2022-08-22,06:00 PM,6153,0.20666013712047013,0.022363695723147243,0.002611818478615736,0.0,1711,1266,173,137,16,27,0.004388103364212579,EB,Introducing Hands Free Slip Ins Collection!,N/A,20220822_EDM_MAA SPORTS_SKE DF_Slip Ins_EB_Llist,,Monday,Email
N/A,Xy3AFC,20220822_EDM_MAA SPORTS_SKE DF_Slip Ins_NB,2022-08-22,06:00 PM,191708,0.15362069783501406,0.008270910538162687,0.0017659369217874444,0.00015814360493618905,37305,29142,2049,1569,347,2007,0.010469046675151793,NB,Introducing Hands Free Slip Ins Collection!,N/A,20220822_EDM_MAA SPORTS_SKE DF_Slip Ins_NB_List,20220822_EDM_MAA SPORTS_SKE DF_Slip Ins_EB_Llist,Monday,Email
N/A,T9fwb8,20220823_EDM_MAA SPORTS_SKE DF_SPR Vouchers_EB_Testing,2022-08-19,05:59 PM,12,0.5,0.1,0.0,0.0,13,5,20,1,0,2,0.16666666666666666,N/A,Happy 5th SPR Anniversary! Enjoy Special Voucher Just for You ‚≠ê,Redeem NOW,Mba Christin_2022427_MAA Test_Skechers_Voucher Testing,,Friday,Email
N/A,T3xgsW,20220817_EDM_MAA SPORTS_SKE DF_BOGO 30%_NB,2022-08-17,06:00 PM,262262,0.1504098773857811,0.007984271876284503,0.0011516895324218052,0.000639827518012114,45812,38788,2923,2059,311,4380,0.016700856395512883,N/A,Happy 77th Independence Day! Enjoy Special Discount,N/A,20220817_EDM_MAA SPORTS_SKE DF_BOGO 30%_NB_List,20220817_EDM_MAA SPORTS_SKE DF_BOGO 30%_EB_List,Wednesday,Email
N/A,Yre2uj,20220817_EDM_MAA SPORTS_SKE DF_BOGO 30%_EB,2022-08-17,06:00 PM,6063,0.22535211267605634,0.037945318972659486,0.001988400994200497,0.0,1930,1360,312,229,13,28,0.004618175820550882,EB,Happy 77th Independence Day! Enjoy Special Discount,N/A,20220817_EDM_MAA SPORTS_SKE DF_BOGO 30%_EB_List,,Wednesday,Email
N/A,UMB2Fr,20220810_EDM_MAA SPORTS_SKE DF_Go Walk 6_EB,2022-08-10,06:00 PM,2174,0.597420543528328,0.03546752648549056,0.005066789497927222,0.0,1736,1297,114,77,11,3,0.0013799448022079118,EB,True Definition of Comfort for Walking üëü,N/A,20220810_EDM_MAA SPORTS_SKE DF_Go Walk 6_EB_List,,Wednesday,Email
N/A,W4mmTY,20220810_EDM_MAA SPORTS_SKE DF_Go Walk 6_NB,2022-08-10,06:00 PM,306861,0.7153905696303821,0.007603345733406057,0.0022992935551193576,0.0001992285608839216,270137,219039,2987,2328,722,680,0.0022159870429934074,NB,True Definition of Comfort for Walking üëü,N/A,20220810_EDM_MAA SPORTS_SKE DF_Go Walk 6_NB_List,20220810_EDM_MAA SPORTS_SKE DF_Go Walk 6_EB_List,Wednesday,Email
N/A,XAdzMR,20220808_EDM_MAA SPORTS_SKE DF_8.8 Up to 30% + 20%_EB,2022-08-08,06:00 PM,2299,0.5912854030501089,0.09106753812636166,0.00130718954248366,0.0,1839,1357,275,209,3,4,0.0017398869073510222,EB,8.8 SALE is Here ‚≠ê Don‚Äôt Miss It!,N/A,20220808_EDM_MAA SPORTS_SKE DF_8.8 Up to 30% + 20%_EB_List,,Monday,Email
N/A,XdMWud,20220808_EDM_MAA SPORTS_SKE DF_8.8 Up to 30% + 20%_NB,2022-08-08,06:00 PM,351634,0.6850732480625902,0.01797699628770037,0.0019987112446753306,0.0001767761728528823,305874,240273,8098,6305,749,908,0.002582230387277681,NB,8.8 SALE is Here ‚≠ê Don‚Äôt Miss It!,N/A,20220808_EDM_MAA SPORTS_SKE DF_8.8 Up to 30% + 20%_NB_List,,Monday,Email
N/A,UEFdez,20220803_EDM_MAA SPORTS_SKE DF_W Sport_NB,2022-08-03,06:00 PM,301715,0.7104954573388477,0.008387729001611109,0.0028435231783679638,0.00016941551646818475,273450,213884,3196,2525,884,680,0.002253782543128449,NB,The Shoes that You Need to Get Fit! üí™üèº,N/A,20220803_EDM_MAA SPORTS_SKE DF_W Sport_NB_List,,Wednesday,Email
N/A,UMqxDU,20220803_EDM_MAA SPORTS_SKE DF_W Sport_EB,2022-08-03,06:00 PM,2223,0.5884736605132823,0.034218820351193155,0.00585321927059883,0.0,1711,1307,97,76,13,2,0.000899685110211426,EB,The Shoes that You Need to Get Fit! üí™üèº,N/A,20220803_EDM_MAA SPORTS_SKE DF_W Sport_EB_List,,Wednesday,Email
N/A,WTGuEZ,20220727_EDM_MAA SPORTS_SKE DF_KIDS Generic Latest Collection_EB,2022-07-27,06:00 PM,8387,0.1322363680038434,0.010929618063896229,0.0022820081671871247,0.000360317079029546,1430,1101,120,91,20,61,0.007273160844163586,EB,Perfect Style with Comfort for Your Kids ‚≠ê,N/A,20220727_EDM_MAA SPORTS_SKE DF_KIDS Generic Latest Collection_EB_List,,Wednesday,Email
N/A,WU7J7b,20220727_EDM_MAA SPORTS_SKE DF_KIDS Generic Latest Collection_NB,2022-07-27,06:00 PM,245158,0.5714238985996116,0.005989982622917306,0.002714913625677195,0.0004211387100071553,173622,139756,1898,1465,681,583,0.002378058231834164,NB,Perfect Style with Comfort for Your Kids ‚≠ê,N/A, 20220727_EDM_MAA SPORTS_SKE DF_KIDS Generic Latest Collection_NB_List,,Wednesday,Email
N/A,VcPeWi,20220720_EDM_MAA SPORTS_SKE DF_BOB Sport Latest Collection_EB,2022-07-20,06:30 PM,605,0.22019867549668873,0.013245033112582781,0.009933774834437087,0.0,172,133,13,8,6,1,0.001652892561983471,EB,Glam Up Your Style in Athletic Comfort with BOBS Collection‚≠ê,N/A,20220720_EDM_MAA SPORTS_SKE DF_BOB Sport Latest Collection_EB,,Wednesday,Email
N/A,WqWu6i,20220720_EDM_MAA SPORTS_SKE DF_BOB Sport Latest Collection_NB,2022-07-20,06:30 PM,216243,0.7329965471693741,0.006836141172108544,0.00310059555534957,0.00012513614348944453,196449,158155,1895,1475,691,478,0.0022104761772635414,NB,Glam Up Your Style in Athletic Comfort with BOBS Collection‚≠ê,N/A,20220720_EDM_MAA SPORTS_SKE DF_BOB Sport Latest Collection_NB,,Wednesday,Email
N/A,X2pTQS,20220713_EDM_MAA SPORTS_SKE DF_Foamies Latest Collection,2022-07-13,06:00 PM,142990,0.5619125717529805,0.012447696545343678,0.006174786405657534,0.0008270429010982849,101252,80172,2344,1776,919,313,0.0021889642632351913,N/A,Comfort in Every Step with Foamies Collection ‚òÅÔ∏è,N/A,"20220711_Skechers DF_Klaviyo, 20220606_ADDITIONAL SEGMENT_MAA SPORTS SKE DF_WL, 20220701_Skechers DF_Open Email Moe","20220412_Blacklist Cross Segment_FL Principal, 20220711_Skechers DF_Moe",Wednesday,Email
N/A,Wi3Ft8,20220706_EDM_MAA SPORTS_SKE DF_BTS Kids,2022-07-06,06:00 PM,198356,0.8202558753857576,0.008773303297691262,0.0026062317222847963,0.00020708430351487725,205796,162400,2260,1737,532,369,0.0018602915969267379,N/A,Back to School Collection is Here! üéíüìö,N/A,"20220704_SKE DF_Klaviyo, 20220606_ADDITIONAL SEGMENT_MAA SPORTS SKE DF_WL, 20220701_Skechers DF_Open Email Moe",20220704_Ske DF_Moe,Wednesday,Email
N/A,UQ9zGx,20220629_EDM_MAA SPORTS_SKE DF_Skechers Street New Collection,2022-06-29,06:00 PM,154538,0.5704626196094702,0.00614578741280502,0.0014067888909057905,0.0001361408604102378,107517,87995,1256,948,230,286,0.0018506775032678046,N/A,Premium Comfort for Your City Life üëü,N/A,"20220601_SKE DF_Open Email Moe, 20220627_SKE DF_Klaviyo, 20220606_ADDITIONAL SEGMENT_MAA SPORTS SKE DF_WL",20220627_SKE DF_Moengage,Wednesday,Email
N/A,XJySHz,20220622_EDM_MAA SPORTS_SKE DF_Twinkle Toes New Collection,2022-06-22,06:00 PM,145216,0.8002415125586531,0.006976262765663815,0.0024427270218051337,0.0001173060999171957,144446,115971,1267,1011,363,296,0.0020383428823270164,N/A,Brighten Your Steps in Magical Style ‚ú®,N/A,"20220620_SKE DF_Klaviyo, 20220601_SKE DF_Open Email Moe, 20220606_ADDITIONAL SEGMENT_MAA SPORTS SKE DF_WL",20220620_SKE DF_Moe,Wednesday,Email
N/A,SGKjMG,20220615_EDM_MAA SPORTS_SKE DF_Foamies Latest Collection,2022-06-15,06:00 PM,142599,0.5705482243489748,0.005754880053965176,0.0017847857554421911,0.00021782818275081862,99542,81197,1092,819,259,285,0.001998611490964172,N/A,Time to Add More Comfort to Your Feet ü¶∂üèº,N/A,"20220613_SKE DF_Cross Segment_Klaviyo, 20220601_SKE DF_Open Email Moe, 20220606_ADDITIONAL SEGMENT_MAA SPORTS SKE DF_WL",20220613_SKE DF_Cross Segment_Moe,Wednesday,Email
N/A,Wi7QWL,20220609_EDM_MAA SPORTS_SKE DF_Weekend Special Promo,2022-06-09,06:00 PM,116087,0.838601123450079,0.01174359107107418,0.0020536184238910027,0.00012080108375829428,122197,97188,1755,1361,247,194,0.0016711604227863585,N/A,You Will Love It ‚ùó,N/A,"20220607_SKE DF_Cross Segment_Klaviyo, 20220601_SKE DF_Open Email Moe, 20220606_ADDITIONAL SEGMENT_MAA SPORTS SKE DF_WL","20220607_SKE DF_Cross Segment_Moe - 1, 20220412_Blacklist Cross Segment_FL Principal, 20220607_SKE DF_Cross Segment_Moe - 2",Thursday,Email
N/A,SMP6Qi,20220601_EDM_MAA SPORTS_SKE DF_Summer Sale,2022-06-01,07:00 PM,153914,0.7625483520866766,0.009610122167286624,0.0029312727846163835,0.0005194660630965743,101723,82205,1407,1036,324,46111,0.2995893810829424,N/A,Are You Ready for Summer? üåû,N/A,"20220302_ADDITIONAL SEGMENT_MAA SPORTS SKE DF_WL, 20220530_SKE DF_Cross Segment_Klaviyo_Final, 20220517_SKE DF_Email Opened_Moe",20220530_SKE DF_Cross Segment_Moe_Final,Wednesday,Email
N/A,Tn4CiC,20220525_EDM_MAA SPORTS_SKE DF_Men Street Collection,2022-05-25,06:00 PM,129853,0.8872203068237037,0.00848431558568773,0.00327031800757418,0.0003008075525834741,144334,115029,1483,1100,434,202,0.0015556051843238123,N/A,Wear Your Best Everyday!‚ú®,N/A,"20220302_ADDITIONAL SEGMENT_MAA SPORTS SKE DF_WL, 20220517_SKE DF_Email Opened_Moe, 20220523_SKE DF_Open Email 30 Days",20220517_MAA DATABASE MAY 2022 - SKECHERS - DATABASE,Wednesday,Email
N/A,SVvKdr,20220518_EDM_MAA SPORTS_SKE DF_Go Walk 6 Collection,2022-05-18,06:00 PM,134801,0.8634327193836232,0.00990393259679181,0.003514298663377739,0.00014116633108705504,146095,116212,1749,1333,487,208,0.0015430152595307157,N/A,Experience GOwalk 6 Innovative Comfort üëåüèª,N/A,"20220302_ADDITIONAL SEGMENT_MAA SPORTS SKE DF_WL, 20220517_SKE DF_Klaviyo, 20220517_SKE DF_Email Opened_Moe",20220517_SKE DF_Moe,Wednesday,Email
N/A,TMu4tH,20220511_EDM_MAA SPORTS_SKE DF_Women Sport Collection,2022-05-11,06:30 PM,90360,0.84614361259853,0.01074267469318522,0.003303732774581213,8.869081274043525e-05,96663,76323,1239,969,307,159,0.0017596281540504647,N/A,To Be Prepared is Half the Victory! ‚≠ê,N/A,"20220302_ADDITIONAL SEGMENT_MAA SPORTS SKE DF_WL, 20220510_SKE DF_Open Email 30 Days_KLAVIYO, 20220510_SKE_OPEN EMAIL_MOE",20220510_SKE DF_Moe,Wednesday,Email
N/A,Ws8hjz,20220504_EDM_MAA SPORTS_SKE DF_Kids Collection,2022-05-04,06:00 PM,108452,0.7506442701670467,0.00930715464338024,0.0036060589205925433,0.00012978104084394756,102325,80975,1310,1004,401,578,0.005329546711909416,N/A,New KICKS for KIDS üòç,N/A,"20220302_ADDITIONAL SEGMENT_MAA SPORTS SKE DF_WL, 20220425_SKE DF_CROSS SEGMENT_KLAVIYO",20220425_SKE DF_CROSS SEGMENT_MOE,Wednesday,Email
N/A,VhrrXE,20220501_EDM_MAA SPORTS_SKE DF_THR Lebaran,2022-05-01,03:00 PM,78836,0.1639400921658986,0.01609062980030722,0.0009600614439324117,0.0001152073732718894,17687,12807,1786,1257,77,716,0.009082145212846922,N/A,THR Lebaran Khusus untuk Anda ‚ú®üåô,Cek Di Sini untuk Voucher Diskon,20220428_SKE DF_UNIQUE VOUCHER,,Sunday,Email
N/A,Sc8Lup,20220501_EDM_MAA SPORTS_SKE DF_THR Lebaran_testing internal 2,2022-04-27,09:43 PM,8,0.125,0.0,0.0,0.0,3,1,0,0,0,0,0.0,N/A,THR Lebaran Khusus untuk Anda ‚ú®üåô,Cek Di Sini untuk Voucher Diskon,20220427_Redcomm Internal_Voucher,,Wednesday,Email
N/A,W4PjcD,20220427_EDM_MAA SPORTS_SKE DF_Lebaran SALE buy 2 or more,2022-04-27,06:00 PM,108850,0.7542073283004972,0.011287055790830417,0.0034431964647394587,0.0004511139753268275,103594,81922,1607,1226,387,230,0.0021129995406522738,N/A,Cari Baju & Sepatu Lebaran? ‚ú®,N/A,"20220302_ADDITIONAL SEGMENT_MAA SPORTS SKE DF_WL, 20220425_SKE DF_CROSS SEGMENT_KLAVIYO",20220425_SKE DF_CROSS SEGMENT_MOE,Wednesday,Email
N/A,TEDMVY,20220420_EDM_MAA SPORTS_SKE DF_Work out Gear,2022-04-20,06:00 PM,99099,0.7938601811418405,0.012241225942099304,0.004599304544719392,0.00030325084910237746,100250,78535,1795,1211,469,171,0.0017255471800926346,N/A,Stay Fit and Healthy at Home üí™üèª,N/A,"20220302_ADDITIONAL SEGMENT_MAA SPORTS SKE DF_WL, 20220418_SKE DF_Cross Segment_Klaviyo_Rev",20220418_SKE DF_Cross Segment_Moe,Wednesday,Email
N/A,V5nkYu,20220413_EDM_MAA SPORTS_SKE DF_Lebaran SALE up to 50%,2022-04-13,06:00 PM,114941,0.7030788145125428,0.02290582193273867,0.005092120292622529,0.0004970048915744592,103359,80634,3686,2627,599,254,0.002209829390730897,N/A,Get Ready for Ied ‚ú®üåô,N/A,"20220302_ADDITIONAL SEGMENT_MAA SPORTS SKE DF_WL, 20220411_SKE DF_CROSS SEGMENT_KLAVIYO",20220411_SKE DF_CROSS SEGMENT - MOENGAGE,Wednesday,Email
N/A,RTwmNW,20220406_EDM_MAA SPORTS_SKE DF_Ramadhan Special up to 30%,2022-04-06,06:00 PM,109088,0.48583029729955224,0.017316980467410148,0.004292163788228532,0.0012700355053721574,66948,52407,2413,1868,486,1217,0.01115613083015547,N/A,Rayakan Ramadan dengan Special Offer hingga 30% Off üåô‚ú®,N/A,"20220302_ADDITIONAL SEGMENT_MAA SPORTS SKE DF_WL, 20220405_ADDITIONAL SEGMENT_MAA SPORTS SKE DF_Open Email in The Last 30 Days (SKE+PSA+Crocs+KSA)_Klaviyo",20220405_Additional Segment_MAA Sports SKE DF_Moe_Rev,Wednesday,Email
N/A,W275t7,20220330_EDM_MAA SPORTS_SKE DF_Kids Collection,2022-03-30,03:00 PM,70399,0.14161366397484457,0.009690559565497034,0.0009719145286929179,5.7171442864289286e-05,12854,9908,913,678,70,434,0.006164860296311027,N/A,Do Not Miss Out! Latest Collection for Kids This Summer üåû,N/A,"20220302_ADDITIONAL SEGMENT_MAA SPORTS SKE DF_WL, 20220308_ADDITIONAL SEGMENT_MAA SPORTS SKE DF_UNPAID CUST (BANK TRANSFER) NEVER PURCHASE, 20220308_ADDITIONAL SEGMENT_MAA SPORTS SKE DF_Subs, 20220308_ADDITIONAL SEGMENT_MAA SPORTS SKE DF_Cust. Success transaction, 20220308_ADDITIONAL SEGMENT_MAA SPORTS SKE DF_GCO",,Wednesday,Email
N/A,Sjn4dT,20220323_EDM_MAA SPORTS_SKE DF_Sport at Home,2022-03-23,06:00 PM,70897,0.1384294569657497,0.005298940211957609,0.0009998000399920016,0.00011426286171337161,12700,9692,483,371,71,883,0.012454687786507187,N/A,Stay Fit. Stay Healthy.,N/A,"20220302_ADDITIONAL SEGMENT_MAA SPORTS SKE DF_WL, 20220308_ADDITIONAL SEGMENT_MAA SPORTS SKE DF_UNPAID CUST (BANK TRANSFER) NEVER PURCHASE, 20220308_ADDITIONAL SEGMENT_MAA SPORTS SKE DF_Subs, 20220308_ADDITIONAL SEGMENT_MAA SPORTS SKE DF_Cust. Success transaction, 20220308_ADDITIONAL SEGMENT_MAA SPORTS SKE DF_GCO",,Wednesday,Email
N/A,ULp4Zi,20220316_EDM_MAA SPORTS_SKE DF_Go Walk 6,2022-03-16,06:00 PM,70991,0.14393831418716685,0.00746843020438414,0.0012257347282004505,8.551637638607793e-05,13265,10099,708,524,89,829,0.011677536589145103,N/A,Bring Comfort to Your Daily Steps üëü,N/A,"20220302_ADDITIONAL SEGMENT_MAA SPORTS SKE DF_WL, 20220308_ADDITIONAL SEGMENT_MAA SPORTS SKE DF_UNPAID CUST (BANK TRANSFER) NEVER PURCHASE, 20220308_ADDITIONAL SEGMENT_MAA SPORTS SKE DF_Subs, 20220308_ADDITIONAL SEGMENT_MAA SPORTS SKE DF_Cust. Success transaction, 20220308_ADDITIONAL SEGMENT_MAA SPORTS SKE DF_GCO",,Wednesday,Email
N/A,RatWLz,20220312_EDM_MAA SPORTS_SKE DF_Men Sport,2022-03-12,10:00 AM,71314,0.1465557755023569,0.011820162634044916,0.00145259829960552,0.00027058203620102824,13683,10291,1178,830,104,1095,0.015354628824634713,N/A,New Arrival Alert! üö®,N/A,"20220302_ADDITIONAL SEGMENT_MAA SPORTS SKE DF_WL, 20220308_ADDITIONAL SEGMENT_MAA SPORTS SKE DF_UNPAID CUST (BANK TRANSFER) NEVER PURCHASE, 20220308_ADDITIONAL SEGMENT_MAA SPORTS SKE DF_Subs, 20220308_ADDITIONAL SEGMENT_MAA SPORTS SKE DF_Cust. Success transaction, 20220308_ADDITIONAL SEGMENT_MAA SPORTS SKE DF_GCO",,Saturday,Email
N/A,Xbuemq,uji coba,2022-03-10,12:42 PM,8,0.125,0.25,0.0,0.0,2,1,241,2,0,0,0.0,N/A,"Hi {{ first_name|default:'' }}, THE LATEST COLLECTIONS FROM SKECHERS",Explore MORE,uji coba klaviyo with name_1,,Thursday,Email
N/A,RpJiYQ,20220308_EDM_MAA SPORTS_SKE DF_Int Women's Day_Klaviyo_No Name,2022-03-08,10:00 AM,59133,0.12445396145610278,0.0037858672376873664,0.0010449678800856532,0.0002740899357601713,9277,7265,289,221,67,758,0.012818561547697564,N/A,"Hi, Get Up To 20% Off on International Women's Day!",N/A,20220308_EDM_MAA SPORTS_SKE DF_Int Women's Day,,Tuesday,Email
N/A,T8NgGt,20220305_EDM_MAA SPORTS_SKE DF_Fitness Equipment_Klaviyo_No Name,2022-03-05,06:00 PM,48118,0.13336277788293688,0.002986518602645803,0.0014511956590321155,0.00029444549603550174,8250,6341,185,142,69,571,0.011866661124735027,N/A,"Hi, Achieve Your Body Goals at Home ‚ú®",N/A,20220305_EDM_MAA SPORTS_SKE DF_Fitness Equipment,,Saturday,Email
N/A,VVT92L,20220304_EDM_MAA SPORTS_SKE DF_Skech Air_Klaviyo_No Name,2022-03-04,07:00 PM,35179,0.12201431114993114,0.005778210770316122,0.0009406389626096012,3.359424866462861e-05,4764,3632,243,172,29,5412,0.15384178060774895,N/A,"Hi, Enjoy the Comfort of Air Cushion Sole from Skech Air Collection ‚òÅÔ∏è",N/A,20220304_EDM_MAA SPORTS_SKE DF_Skech Air,,Friday,Email
N/A,Xj4rBj,20220223_EDM_MAA SPORTS_SKE DF_Skechers Sport New Arrival_Klaviyo_No Name,2022-02-23,06:00 PM,24097,0.13797888893561547,0.006770680011775096,0.0016401026115480046,0.0005467008705160015,4336,3281,200,161,42,318,0.01319666348508113,N/A,"Hi, Have You Seen the Latest Skechers Sport Collection?",N/A,20220223_EDM_MAA SPORTS_SKE DF_Skechers Sport New Arrival_Klaviyo_No Name,,Wednesday,Email
N/A,WaPAFw,20220221_EDM_MAA SPORTS_SKE DF_Warm Up 8 SKE Klaviyo,2022-02-21,06:00 PM,19257,0.13459680017180287,0.012240953505852034,0.0011811446365295824,0.0009663910662514765,3390,2507,294,228,22,631,0.03276730539544062,N/A,THE LATEST COLLECTIONS FROM SKECHERS,Explore MORE,20220221_EDM_MAA SPORTS_SKE DF_Warm Up 8 SKE Klaviyo,,Monday,Email
N/A,YxigAQ,20220220_EDM_MAA SPORTS_SKE DF_Warm Up 7 SKE Klaviyo,2022-02-20,06:00 PM,14812,0.15147697046059078,0.014419711605767885,0.0023099538009239817,0.0009799804003919922,2896,2164,250,206,34,526,0.035511747231974075,N/A,THE LATEST COLLECTIONS FROM SKECHERS,Explore MORE,20220220_EDM_MAA SPORTS_SKE DF_Warm Up 7 SKE Klaviyo,,Sunday,Email
N/A,T3QRCn,20220219_EDM_MAA SPORTS_SKE DF_Warm Up 6 SKE Klaviyo,2022-02-19,04:00 PM,9884,0.14716664920917566,0.012988373310987745,0.0013616842987325861,0.0006284696763381167,1924,1405,150,124,14,337,0.034095507891541886,N/A,THE LATEST COLLECTIONS FROM SKECHERS,Explore MORE,20220219_EDM_MAA SPORTS_SKE DF_Warm Up 6 SKE Klaviyo,,Saturday,Email
N/A,TqRpdm,20220218_EDM_MAA SPORTS_SKE DF_Warm Up 5 SKE Klaviyo,2022-02-18,12:00 PM,7424,0.12473809191227825,0.009917586255063556,0.0023746333286771898,0.0002793686269031988,1203,893,104,71,17,265,0.03569504310344827,N/A,THE LATEST COLLECTIONS FROM SKECHERS,Explore MORE,20220218_EDM_MAA SPORTS_SKE DF_Warm Up 5 SKE Klaviyo,,Friday,Email
N/A,Uu6tEc,20220217_EDM_MAA SPORTS_SKE DF_Warm Up 4 SKE Klaviyo,2022-02-17,03:00 PM,4440,0.12193984611797622,0.007694101189088366,0.0009326183259501049,0.0,723,523,44,33,4,151,0.03400900900900901,N/A,THE LATEST COLLECTIONS FROM SKECHERS,Explore MORE,20220217_EDM_MAA SPORTS_SKE DF_Warm Up 4 SKE Klaviyo,,Thursday,Email
N/A,S5u3AT,20220216_EDM_MAA SPORTS_SKE DF_Warm Up 3 SKE Klaviyo,2022-02-16,01:00 PM,2472,0.14291701592623637,0.014249790444258172,0.00041911148365465214,0.0016764459346186086,454,341,42,34,1,86,0.03478964401294499,N/A,THE LATEST COLLECTIONS FROM SKECHERS,Explore MORE,20220216_EDM_MAA SPORTS_SKE DF_Warm Up 3 SKE Klaviyo,,Wednesday,Email
N/A,XnQ2HA,20220215_EDM_MAA SPORTS_SKE DF_Warm Up 2 SKE Klaviyo,2022-02-15,09:00 AM,1489,0.13819444444444445,0.011805555555555555,0.0006944444444444445,0.001388888888888889,259,199,19,17,1,49,0.03290799194089993,N/A,THE LATEST COLLECTIONS FROM SKECHERS,Explore MORE,20220215_EDM_MAA SPORTS_SKE DF_Warm Up 2 SKE Klaviyo,,Tuesday,Email
N/A,WCmvHy,20220214_EDM_MAA SPORTS_SKE DF_Warm Up 1 SKE Klaviyo,2022-02-14,09:00 AM,1043,0.15228426395939088,0.008121827411167513,0.0,0.0,188,150,14,8,0,58,0.05560882070949185,N/A,THE LATEST COLLECTIONS FROM SKECHERS,Explore MORE,"20220209_ADDITIONAL SEGMENT_MAA SPORTS SKE DF_WL, 20220214_EDM_MAA SPORTS_SKE DF_Warm Up 1 SKE Klaviyo",,Monday,Email
